[info] Loaded model RajagopalLaiUhlrich2023 from file C:\Users\lzoffoli\Technogym SPA\SCIENTIFIC RESEARCH - Documenti\github_repositories\ansur_user\assets\rajagopalaiulrich2023.osim
jagopalaiulrich2023.osim
[2026-09-15 12:21:24.118] [warning] Couldn't find file 'r_pelvis.vtp'.
[2026-09-15 12:21:24.119] [warning] Couldn't find file 'l_pelvis.vtp'.
[2026-09-15 12:21:24.119] [warning] Couldn't find file 'sacrum.vtp'.
[2026-09-15 12:21:24.120] [warning] Couldn't find file 'r_femur.vtp'.
[2026-09-15 12:21:24.121] [warning] Couldn't find file 'r_tibia.vtp'.
[2026-09-15 12:21:24.122] [warning] Couldn't find file 'r_fibula.vtp'.
[2026-09-15 12:21:24.122] [warning] Couldn't find file 'r_patella.vtp'.
[2026-09-15 12:21:24.123] [warning] Couldn't find file 'r_talus.vtp'.
[2026-09-15 12:21:24.125] [warning] Couldn't find file 'r_foot.vtp'.
[2026-09-15 12:21:24.126] [warning] Couldn't find file 'r_bofoot.vtp'.
[2026-09-15 12:21:24.126] [warning] Couldn't find file 'l_femur.vtp'.
[2026-09-15 12:21:24.127] [warning] Couldn't find file 'l_tibia.vtp'.
[2026-09-15 12:21:24.128] [warning] Couldn't find file 'l_fibula.vtp'.
[2026-09-15 12:21:24.128] [warning] Couldn't find file 'l_patella.vtp'.
[2026-09-15 12:21:24.129] [warning] Couldn't find file 'l_talus.vtp'.
[2026-09-15 12:21:24.130] [warning] Couldn't find file 'l_foot.vtp'.
[2026-09-15 12:21:24.130] [warning] Couldn't find file 'l_bofoot.vtp'.
[2026-09-15 12:21:24.131] [warning] Couldn't find file 'hat_spine.vtp'.
[2026-09-15 12:21:24.131] [warning] Couldn't find file 'hat_jaw.vtp'.
[2026-09-15 12:21:24.131] [warning] Couldn't find file 'hat_skull.vtp'.
[2026-09-15 12:21:24.132] [warning] Couldn't find file 'hat_ribs_scap.vtp'.
[2026-09-15 12:21:24.132] [warning] Couldn't find file 'humerus_rv.vtp'.
[2026-09-15 12:21:24.133] [warning] Couldn't find file 'ulna_rv.vtp'.
[2026-09-15 12:21:24.133] [warning] Couldn't find file 'radius_rv.vtp'.
[2026-09-15 12:21:24.134] [warning] Couldn't find file 'pisiform_rvs.vtp'.
[2026-09-15 12:21:24.134] [warning] Couldn't find file 'lunate_rvs.vtp'.
[2026-09-15 12:21:24.135] [warning] Couldn't find file 'scaphoid_rvs.vtp'.
[2026-09-15 12:21:24.135] [warning] Couldn't find file 'triquetrum_rvs.vtp'.
[2026-09-15 12:21:24.135] [warning] Couldn't find file 'hamate_rvs.vtp'.
[2026-09-15 12:21:24.135] [warning] Couldn't find file 'capitate_rvs.vtp'.
[2026-09-15 12:21:24.136] [warning] Couldn't find file 'trapezoid_rvs.vtp'.
[2026-09-15 12:21:24.136] [warning] Couldn't find file 'trapezium_rvs.vtp'.
[2026-09-15 12:21:24.136] [warning] Couldn't find file 'metacarpal2_rvs.vtp'.
[2026-09-15 12:21:24.137] [warning] Couldn't find file 'index_proximal_rvs.vtp'.
[2026-09-15 12:21:24.137] [warning] Couldn't find file 'index_medial_rvs.vtp'.
[2026-09-15 12:21:24.138] [warning] Couldn't find file 'index_distal_rvs.vtp'.
[2026-09-15 12:21:24.138] [warning] Couldn't find file 'metacarpal3_rvs.vtp'.
[2026-09-15 12:21:24.139] [warning] Couldn't find file 'middle_proximal_rvs.vtp'.
[2026-09-15 12:21:24.139] [warning] Couldn't find file 'middle_medial_rvs.vtp'.
[2026-09-15 12:21:24.139] [warning] Couldn't find file 'middle_distal_rvs.vtp'.
[2026-09-15 12:21:24.140] [warning] Couldn't find file 'metacarpal4_rvs.vtp'.
[2026-09-15 12:21:24.140] [warning] Couldn't find file 'ring_proximal_rvs.vtp'.
[2026-09-15 12:21:24.140] [warning] Couldn't find file 'ring_medial_rvs.vtp'.
[2026-09-15 12:21:24.140] [warning] Couldn't find file 'ring_distal_rvs.vtp'.
[2026-09-15 12:21:24.141] [warning] Couldn't find file 'metacarpal5_rvs.vtp'.
[2026-09-15 12:21:24.141] [warning] Couldn't find file 'little_proximal_rvs.vtp'.
[2026-09-15 12:21:24.141] [warning] Couldn't find file 'little_medial_rvs.vtp'.
[2026-09-15 12:21:24.142] [warning] Couldn't find file 'little_distal_rvs.vtp'.
[2026-09-15 12:21:24.142] [warning] Couldn't find file 'metacarpal1_rvs.vtp'.
[2026-09-15 12:21:24.142] [warning] Couldn't find file 'thumb_proximal_rvs.vtp'.
[2026-09-15 12:21:24.143] [warning] Couldn't find file 'thumb_distal_rvs.vtp'.
[2026-09-15 12:21:24.143] [warning] Couldn't find file 'humerus_lv.vtp'.
[2026-09-15 12:21:24.144] [warning] Couldn't find file 'ulna_lv.vtp'.
[2026-09-15 12:21:24.144] [warning] Couldn't find file 'radius_lv.vtp'.
[2026-09-15 12:21:24.145] [warning] Couldn't find file 'pisiform_lvs.vtp'.
[2026-09-15 12:21:24.145] [warning] Couldn't find file 'lunate_lvs.vtp'.
[2026-09-15 12:21:24.145] [warning] Couldn't find file 'scaphoid_lvs.vtp'.
[2026-09-15 12:21:24.146] [warning] Couldn't find file 'triquetrum_lvs.vtp'.
[2026-09-15 12:21:24.146] [warning] Couldn't find file 'hamate_lvs.vtp'.
[2026-09-15 12:21:24.146] [warning] Couldn't find file 'capitate_lvs.vtp'.
[2026-09-15 12:21:24.146] [warning] Couldn't find file 'trapezoid_lvs.vtp'.
[2026-09-15 12:21:24.147] [warning] Couldn't find file 'trapezium_lvs.vtp'.
[2026-09-15 12:21:24.147] [warning] Couldn't find file 'metacarpal2_lvs.vtp'.
[2026-09-15 12:21:24.147] [warning] Couldn't find file 'index_proximal_lvs.vtp'.
[2026-09-15 12:21:24.148] [warning] Couldn't find file 'index_medial_lvs.vtp'.
[2026-09-15 12:21:24.148] [warning] Couldn't find file 'index_distal_lvs.vtp'.
[2026-09-15 12:21:24.148] [warning] Couldn't find file 'metacarpal3_lvs.vtp'.
[2026-09-15 12:21:24.148] [warning] Couldn't find file 'middle_proximal_lvs.vtp'.
[2026-09-15 12:21:24.149] [warning] Couldn't find file 'middle_medial_lvs.vtp'.
[2026-09-15 12:21:24.149] [warning] Couldn't find file 'middle_distal_lvs.vtp'.
[2026-09-15 12:21:24.149] [warning] Couldn't find file 'metacarpal4_lvs.vtp'.
[2026-09-15 12:21:24.150] [warning] Couldn't find file 'ring_proximal_lvs.vtp'.
[2026-09-15 12:21:24.150] [warning] Couldn't find file 'ring_medial_lvs.vtp'.
[2026-09-15 12:21:24.150] [warning] Couldn't find file 'ring_distal_lvs.vtp'.
[2026-09-15 12:21:24.150] [warning] Couldn't find file 'metacarpal5_lvs.vtp'.
[2026-09-15 12:21:24.151] [warning] Couldn't find file 'little_proximal_lvs.vtp'.
[2026-09-15 12:21:24.151] [warning] Couldn't find file 'little_medial_lvs.vtp'.
[2026-09-15 12:21:24.151] [warning] Couldn't find file 'little_distal_lvs.vtp'.
[2026-09-15 12:21:24.152] [warning] Couldn't find file 'metacarpal1_lvs.vtp'.
[2026-09-15 12:21:24.152] [warning] Couldn't find file 'thumb_proximal_lvs.vtp'.
[2026-09-15 12:21:24.153] [warning] Couldn't find file 'thumb_distal_lvs.vtp'.
[2026-09-15 12:21:32.180] [info] Loaded model RajagopalLaiUhlrich2023 from file C:\Users\lzoffoli\Technogym SPA\SCIENTIFIC RESEARCH - Documenti\github_repositories\ansur_user\assets\rajagopalaiulrich2023.osim
[2026-09-15 12:21:32.183] [warning] Couldn't find file 'r_pelvis.vtp'.
[2026-09-15 12:21:32.183] [warning] Couldn't find file 'l_pelvis.vtp'.
[2026-09-15 12:21:32.183] [warning] Couldn't find file 'sacrum.vtp'.
[2026-09-15 12:21:32.184] [warning] Couldn't find file 'r_femur.vtp'.
[2026-09-15 12:21:32.184] [warning] Couldn't find file 'r_tibia.vtp'.
[2026-09-15 12:21:32.185] [warning] Couldn't find file 'r_fibula.vtp'.
[2026-09-15 12:21:32.185] [warning] Couldn't find file 'r_patella.vtp'.
[2026-09-15 12:21:32.186] [warning] Couldn't find file 'r_talus.vtp'.
[2026-09-15 12:21:32.187] [warning] Couldn't find file 'r_foot.vtp'.
[2026-09-15 12:21:32.187] [warning] Couldn't find file 'r_bofoot.vtp'.
[2026-09-15 12:21:32.188] [warning] Couldn't find file 'l_femur.vtp'.
[2026-09-15 12:21:32.189] [warning] Couldn't find file 'l_tibia.vtp'.
[2026-09-15 12:21:32.189] [warning] Couldn't find file 'l_fibula.vtp'.
[2026-09-15 12:21:32.189] [warning] Couldn't find file 'l_patella.vtp'.
[2026-09-15 12:21:32.190] [warning] Couldn't find file 'l_talus.vtp'.
[2026-09-15 12:21:32.190] [warning] Couldn't find file 'l_foot.vtp'.
[2026-09-15 12:21:32.191] [warning] Couldn't find file 'l_bofoot.vtp'.
[2026-09-15 12:21:32.191] [warning] Couldn't find file 'hat_spine.vtp'.
[2026-09-15 12:21:32.191] [warning] Couldn't find file 'hat_jaw.vtp'.
[2026-09-15 12:21:32.192] [warning] Couldn't find file 'hat_skull.vtp'.
[2026-09-15 12:21:32.192] [warning] Couldn't find file 'hat_ribs_scap.vtp'.
[2026-09-15 12:21:32.193] [warning] Couldn't find file 'humerus_rv.vtp'.
[2026-09-15 12:21:32.193] [warning] Couldn't find file 'ulna_rv.vtp'.
[2026-09-15 12:21:32.194] [warning] Couldn't find file 'radius_rv.vtp'.
[2026-09-15 12:21:32.194] [warning] Couldn't find file 'pisiform_rvs.vtp'.
[2026-09-15 12:21:32.194] [warning] Couldn't find file 'lunate_rvs.vtp'.
[2026-09-15 12:21:32.194] [warning] Couldn't find file 'scaphoid_rvs.vtp'.
[2026-09-15 12:21:32.194] [warning] Couldn't find file 'triquetrum_rvs.vtp'.
[2026-09-15 12:21:32.195] [warning] Couldn't find file 'hamate_rvs.vtp'.
[2026-09-15 12:21:32.195] [warning] Couldn't find file 'capitate_rvs.vtp'.
[2026-09-15 12:21:32.195] [warning] Couldn't find file 'trapezoid_rvs.vtp'.
[2026-09-15 12:21:32.195] [warning] Couldn't find file 'trapezium_rvs.vtp'.
[2026-09-15 12:21:32.195] [warning] Couldn't find file 'metacarpal2_rvs.vtp'.
[2026-09-15 12:21:32.195] [warning] Couldn't find file 'index_proximal_rvs.vtp'.
[2026-09-15 12:21:32.196] [warning] Couldn't find file 'index_medial_rvs.vtp'.
[2026-09-15 12:21:32.196] [warning] Couldn't find file 'index_distal_rvs.vtp'.
[2026-09-15 12:21:32.196] [warning] Couldn't find file 'metacarpal3_rvs.vtp'.
[2026-09-15 12:21:32.197] [warning] Couldn't find file 'middle_proximal_rvs.vtp'.
[2026-09-15 12:21:32.197] [warning] Couldn't find file 'middle_medial_rvs.vtp'.
[2026-09-15 12:21:32.197] [warning] Couldn't find file 'middle_distal_rvs.vtp'.
[2026-09-15 12:21:32.198] [warning] Couldn't find file 'metacarpal4_rvs.vtp'.
[2026-09-15 12:21:32.198] [warning] Couldn't find file 'ring_proximal_rvs.vtp'.
[2026-09-15 12:21:32.198] [warning] Couldn't find file 'ring_medial_rvs.vtp'.
[2026-09-15 12:21:32.199] [warning] Couldn't find file 'ring_distal_rvs.vtp'.
[2026-09-15 12:21:32.199] [warning] Couldn't find file 'metacarpal5_rvs.vtp'.
[2026-09-15 12:21:32.199] [warning] Couldn't find file 'little_proximal_rvs.vtp'.
[2026-09-15 12:21:32.199] [warning] Couldn't find file 'little_medial_rvs.vtp'.
[2026-09-15 12:21:32.200] [warning] Couldn't find file 'little_distal_rvs.vtp'.
[2026-09-15 12:21:32.200] [warning] Couldn't find file 'metacarpal1_rvs.vtp'.
[2026-09-15 12:21:32.200] [warning] Couldn't find file 'thumb_proximal_rvs.vtp'.
[2026-09-15 12:21:32.200] [warning] Couldn't find file 'thumb_distal_rvs.vtp'.
[2026-09-15 12:21:32.201] [warning] Couldn't find file 'humerus_lv.vtp'.
[2026-09-15 12:21:32.201] [warning] Couldn't find file 'ulna_lv.vtp'.
[2026-09-15 12:21:32.202] [warning] Couldn't find file 'radius_lv.vtp'.
[2026-09-15 12:21:32.202] [warning] Couldn't find file 'pisiform_lvs.vtp'.
[2026-09-15 12:21:32.202] [warning] Couldn't find file 'lunate_lvs.vtp'.
[2026-09-15 12:21:32.203] [warning] Couldn't find file 'scaphoid_lvs.vtp'.
[2026-09-15 12:21:32.203] [warning] Couldn't find file 'triquetrum_lvs.vtp'.
[2026-09-15 12:21:32.204] [warning] Couldn't find file 'hamate_lvs.vtp'.
[2026-09-15 12:21:32.204] [warning] Couldn't find file 'capitate_lvs.vtp'.
[2026-09-15 12:21:32.204] [warning] Couldn't find file 'trapezoid_lvs.vtp'.
[2026-09-15 12:21:32.204] [warning] Couldn't find file 'trapezium_lvs.vtp'.
[2026-09-15 12:21:32.205] [warning] Couldn't find file 'metacarpal2_lvs.vtp'.
[2026-09-15 12:21:32.205] [warning] Couldn't find file 'index_proximal_lvs.vtp'.
[2026-09-15 12:21:32.205] [warning] Couldn't find file 'index_medial_lvs.vtp'.
[2026-09-15 12:21:32.205] [warning] Couldn't find file 'index_distal_lvs.vtp'.
[2026-09-15 12:21:32.206] [warning] Couldn't find file 'metacarpal3_lvs.vtp'.
[2026-09-15 12:21:32.206] [warning] Couldn't find file 'middle_proximal_lvs.vtp'.
[2026-09-15 12:21:32.206] [warning] Couldn't find file 'middle_medial_lvs.vtp'.
[2026-09-15 12:21:32.206] [warning] Couldn't find file 'middle_distal_lvs.vtp'.
[2026-09-15 12:21:32.207] [warning] Couldn't find file 'metacarpal4_lvs.vtp'.
[2026-09-15 12:21:32.207] [warning] Couldn't find file 'ring_proximal_lvs.vtp'.
[2026-09-15 12:21:32.207] [warning] Couldn't find file 'ring_medial_lvs.vtp'.
[2026-09-15 12:21:32.207] [warning] Couldn't find file 'ring_distal_lvs.vtp'.
[2026-09-15 12:21:32.208] [warning] Couldn't find file 'metacarpal5_lvs.vtp'.
[2026-09-15 12:21:32.208] [warning] Couldn't find file 'little_proximal_lvs.vtp'.
[2026-09-15 12:21:32.209] [warning] Couldn't find file 'little_medial_lvs.vtp'.
[2026-09-15 12:21:32.209] [warning] Couldn't find file 'little_distal_lvs.vtp'.
[2026-09-15 12:21:32.209] [warning] Couldn't find file 'metacarpal1_lvs.vtp'.
[2026-09-15 12:21:32.209] [warning] Couldn't find file 'thumb_proximal_lvs.vtp'.
[2026-09-15 12:21:32.209] [warning] Couldn't find file 'thumb_distal_lvs.vtp'.
[2026-09-15 12:21:39.450] [info] Loaded model RajagopalLaiUhlrich2023 from file C:\Users\lzoffoli\Technogym SPA\SCIENTIFIC RESEARCH - Documenti\github_repositories\ansur_user\assets\rajagopalaiulrich2023.osim
[2026-09-15 12:21:39.452] [warning] Couldn't find file 'r_pelvis.vtp'.
[2026-09-15 12:21:39.453] [warning] Couldn't find file 'l_pelvis.vtp'.
[2026-09-15 12:21:39.453] [warning] Couldn't find file 'sacrum.vtp'.
[2026-09-15 12:21:39.454] [warning] Couldn't find file 'r_femur.vtp'.
[2026-09-15 12:21:39.454] [warning] Couldn't find file 'r_tibia.vtp'.
[2026-09-15 12:21:39.455] [warning] Couldn't find file 'r_fibula.vtp'.
[2026-09-15 12:21:39.455] [warning] Couldn't find file 'r_patella.vtp'.
[2026-09-15 12:21:39.456] [warning] Couldn't find file 'r_talus.vtp'.
[2026-09-15 12:21:39.456] [warning] Couldn't find file 'r_foot.vtp'.
[2026-09-15 12:21:39.457] [warning] Couldn't find file 'r_bofoot.vtp'.
[2026-09-15 12:21:39.458] [warning] Couldn't find file 'l_femur.vtp'.
[2026-09-15 12:21:39.458] [warning] Couldn't find file 'l_tibia.vtp'.
[2026-09-15 12:21:39.459] [warning] Couldn't find file 'l_fibula.vtp'.
[2026-09-15 12:21:39.459] [warning] Couldn't find file 'l_patella.vtp'.
[2026-09-15 12:21:39.460] [warning] Couldn't find file 'l_talus.vtp'.
[2026-09-15 12:21:39.460] [warning] Couldn't find file 'l_foot.vtp'.
[2026-09-15 12:21:39.461] [warning] Couldn't find file 'l_bofoot.vtp'.
[2026-09-15 12:21:39.461] [warning] Couldn't find file 'hat_spine.vtp'.
[2026-09-15 12:21:39.461] [warning] Couldn't find file 'hat_jaw.vtp'.
[2026-09-15 12:21:39.462] [warning] Couldn't find file 'hat_skull.vtp'.
[2026-09-15 12:21:39.462] [warning] Couldn't find file 'hat_ribs_scap.vtp'.
[2026-09-15 12:21:39.462] [warning] Couldn't find file 'humerus_rv.vtp'.
[2026-09-15 12:21:39.463] [warning] Couldn't find file 'ulna_rv.vtp'.
[2026-09-15 12:21:39.463] [warning] Couldn't find file 'radius_rv.vtp'.
[2026-09-15 12:21:39.463] [warning] Couldn't find file 'pisiform_rvs.vtp'.
[2026-09-15 12:21:39.463] [warning] Couldn't find file 'lunate_rvs.vtp'.
[2026-09-15 12:21:39.463] [warning] Couldn't find file 'scaphoid_rvs.vtp'.
[2026-09-15 12:21:39.464] [warning] Couldn't find file 'triquetrum_rvs.vtp'.
[2026-09-15 12:21:39.464] [warning] Couldn't find file 'hamate_rvs.vtp'.
[2026-09-15 12:21:39.464] [warning] Couldn't find file 'capitate_rvs.vtp'.
[2026-09-15 12:21:39.464] [warning] Couldn't find file 'trapezoid_rvs.vtp'.
[2026-09-15 12:21:39.464] [warning] Couldn't find file 'trapezium_rvs.vtp'.
[2026-09-15 12:21:39.464] [warning] Couldn't find file 'metacarpal2_rvs.vtp'.
[2026-09-15 12:21:39.465] [warning] Couldn't find file 'index_proximal_rvs.vtp'.
[2026-09-15 12:21:39.465] [warning] Couldn't find file 'index_medial_rvs.vtp'.
[2026-09-15 12:21:39.465] [warning] Couldn't find file 'index_distal_rvs.vtp'.
[2026-09-15 12:21:39.465] [warning] Couldn't find file 'metacarpal3_rvs.vtp'.
[2026-09-15 12:21:39.465] [warning] Couldn't find file 'middle_proximal_rvs.vtp'.
[2026-09-15 12:21:39.465] [warning] Couldn't find file 'middle_medial_rvs.vtp'.
[2026-09-15 12:21:39.466] [warning] Couldn't find file 'middle_distal_rvs.vtp'.
[2026-09-15 12:21:39.466] [warning] Couldn't find file 'metacarpal4_rvs.vtp'.
[2026-09-15 12:21:39.466] [warning] Couldn't find file 'ring_proximal_rvs.vtp'.
[2026-09-15 12:21:39.466] [warning] Couldn't find file 'ring_medial_rvs.vtp'.
[2026-09-15 12:21:39.466] [warning] Couldn't find file 'ring_distal_rvs.vtp'.
[2026-09-15 12:21:39.466] [warning] Couldn't find file 'metacarpal5_rvs.vtp'.
[2026-09-15 12:21:39.467] [warning] Couldn't find file 'little_proximal_rvs.vtp'.
[2026-09-15 12:21:39.467] [warning] Couldn't find file 'little_medial_rvs.vtp'.
[2026-09-15 12:21:39.467] [warning] Couldn't find file 'little_distal_rvs.vtp'.
[2026-09-15 12:21:39.468] [warning] Couldn't find file 'metacarpal1_rvs.vtp'.
[2026-09-15 12:21:39.468] [warning] Couldn't find file 'thumb_proximal_rvs.vtp'.
[2026-09-15 12:21:39.468] [warning] Couldn't find file 'thumb_distal_rvs.vtp'.
[2026-09-15 12:21:39.468] [warning] Couldn't find file 'humerus_lv.vtp'.
[2026-09-15 12:21:39.469] [warning] Couldn't find file 'ulna_lv.vtp'.
[2026-09-15 12:21:39.469] [warning] Couldn't find file 'radius_lv.vtp'.
[2026-09-15 12:21:39.469] [warning] Couldn't find file 'pisiform_lvs.vtp'.
[2026-09-15 12:21:39.469] [warning] Couldn't find file 'lunate_lvs.vtp'.
[2026-09-15 12:21:39.470] [warning] Couldn't find file 'scaphoid_lvs.vtp'.
[2026-09-15 12:21:39.470] [warning] Couldn't find file 'triquetrum_lvs.vtp'.
[2026-09-15 12:21:39.470] [warning] Couldn't find file 'hamate_lvs.vtp'.
[2026-09-15 12:21:39.470] [warning] Couldn't find file 'capitate_lvs.vtp'.
[2026-09-15 12:21:39.470] [warning] Couldn't find file 'trapezoid_lvs.vtp'.
[2026-09-15 12:21:39.470] [warning] Couldn't find file 'trapezium_lvs.vtp'.
[2026-09-15 12:21:39.471] [warning] Couldn't find file 'metacarpal2_lvs.vtp'.
[2026-09-15 12:21:39.471] [warning] Couldn't find file 'index_proximal_lvs.vtp'.
[2026-09-15 12:21:39.471] [warning] Couldn't find file 'index_medial_lvs.vtp'.
[2026-09-15 12:21:39.472] [warning] Couldn't find file 'index_distal_lvs.vtp'.
[2026-09-15 12:21:39.472] [warning] Couldn't find file 'metacarpal3_lvs.vtp'.
[2026-09-15 12:21:39.472] [warning] Couldn't find file 'middle_proximal_lvs.vtp'.
[2026-09-15 12:21:39.472] [warning] Couldn't find file 'middle_medial_lvs.vtp'.
[2026-09-15 12:21:39.473] [warning] Couldn't find file 'middle_distal_lvs.vtp'.
[2026-09-15 12:21:39.473] [warning] Couldn't find file 'metacarpal4_lvs.vtp'.
[2026-09-15 12:21:39.473] [warning] Couldn't find file 'ring_proximal_lvs.vtp'.
[2026-09-15 12:21:39.473] [warning] Couldn't find file 'ring_medial_lvs.vtp'.
[2026-09-15 12:21:39.474] [warning] Couldn't find file 'ring_distal_lvs.vtp'.
[2026-09-15 12:21:39.474] [warning] Couldn't find file 'metacarpal5_lvs.vtp'.
[2026-09-15 12:21:39.474] [warning] Couldn't find file 'little_proximal_lvs.vtp'.
[2026-09-15 12:21:39.474] [warning] Couldn't find file 'little_medial_lvs.vtp'.
[2026-09-15 12:21:39.475] [warning] Couldn't find file 'little_distal_lvs.vtp'.
[2026-09-15 12:21:39.475] [warning] Couldn't find file 'metacarpal1_lvs.vtp'.
[2026-09-15 12:21:39.475] [warning] Couldn't find file 'thumb_proximal_lvs.vtp'.
[2026-09-15 12:21:39.476] [warning] Couldn't find file 'thumb_distal_lvs.vtp'.
[2026-09-15 12:21:46.416] [info] Loaded model RajagopalLaiUhlrich2023 from file C:\Users\lzoffoli\Technogym SPA\SCIENTIFIC RESEARCH - Documenti\github_repositories\ansur_user\assets\rajagopalaiulrich2023.osim
[2026-09-15 12:21:46.418] [warning] Couldn't find file 'r_pelvis.vtp'.
[2026-09-15 12:21:46.418] [warning] Couldn't find file 'l_pelvis.vtp'.
[2026-09-15 12:21:46.418] [warning] Couldn't find file 'sacrum.vtp'.
[2026-09-15 12:21:46.419] [warning] Couldn't find file 'r_femur.vtp'.
[2026-09-15 12:21:46.419] [warning] Couldn't find file 'r_tibia.vtp'.
[2026-09-15 12:21:46.420] [warning] Couldn't find file 'r_fibula.vtp'.
[2026-09-15 12:21:46.420] [warning] Couldn't find file 'r_patella.vtp'.
[2026-09-15 12:21:46.420] [warning] Couldn't find file 'r_talus.vtp'.
[2026-09-15 12:21:46.420] [warning] Couldn't find file 'r_foot.vtp'.
[2026-09-15 12:21:46.421] [warning] Couldn't find file 'r_bofoot.vtp'.
[2026-09-15 12:21:46.421] [warning] Couldn't find file 'l_femur.vtp'.
[2026-09-15 12:21:46.422] [warning] Couldn't find file 'l_tibia.vtp'.
[2026-09-15 12:21:46.422] [warning] Couldn't find file 'l_fibula.vtp'.
[2026-09-15 12:21:46.422] [warning] Couldn't find file 'l_patella.vtp'.
[2026-09-15 12:21:46.423] [warning] Couldn't find file 'l_talus.vtp'.
[2026-09-15 12:21:46.423] [warning] Couldn't find file 'l_foot.vtp'.
[2026-09-15 12:21:46.424] [warning] Couldn't find file 'l_bofoot.vtp'.
[2026-09-15 12:21:46.424] [warning] Couldn't find file 'hat_spine.vtp'.
[2026-09-15 12:21:46.425] [warning] Couldn't find file 'hat_jaw.vtp'.
[2026-09-15 12:21:46.425] [warning] Couldn't find file 'hat_skull.vtp'.
[2026-09-15 12:21:46.425] [warning] Couldn't find file 'hat_ribs_scap.vtp'.
[2026-09-15 12:21:46.425] [warning] Couldn't find file 'humerus_rv.vtp'.
[2026-09-15 12:21:46.426] [warning] Couldn't find file 'ulna_rv.vtp'.
[2026-09-15 12:21:46.426] [warning] Couldn't find file 'radius_rv.vtp'.
[2026-09-15 12:21:46.426] [warning] Couldn't find file 'pisiform_rvs.vtp'.
[2026-09-15 12:21:46.426] [warning] Couldn't find file 'lunate_rvs.vtp'.
[2026-09-15 12:21:46.427] [warning] Couldn't find file 'scaphoid_rvs.vtp'.
[2026-09-15 12:21:46.427] [warning] Couldn't find file 'triquetrum_rvs.vtp'.
[2026-09-15 12:21:46.427] [warning] Couldn't find file 'hamate_rvs.vtp'.
[2026-09-15 12:21:46.427] [warning] Couldn't find file 'capitate_rvs.vtp'.
[2026-09-15 12:21:46.427] [warning] Couldn't find file 'trapezoid_rvs.vtp'.
[2026-09-15 12:21:46.428] [warning] Couldn't find file 'trapezium_rvs.vtp'.
[2026-09-15 12:21:46.428] [warning] Couldn't find file 'metacarpal2_rvs.vtp'.
[2026-09-15 12:21:46.428] [warning] Couldn't find file 'index_proximal_rvs.vtp'.
[2026-09-15 12:21:46.429] [warning] Couldn't find file 'index_medial_rvs.vtp'.
[2026-09-15 12:21:46.429] [warning] Couldn't find file 'index_distal_rvs.vtp'.
[2026-09-15 12:21:46.429] [warning] Couldn't find file 'metacarpal3_rvs.vtp'.
[2026-09-15 12:21:46.429] [warning] Couldn't find file 'middle_proximal_rvs.vtp'.
[2026-09-15 12:21:46.430] [warning] Couldn't find file 'middle_medial_rvs.vtp'.
[2026-09-15 12:21:46.430] [warning] Couldn't find file 'middle_distal_rvs.vtp'.
[2026-09-15 12:21:46.431] [warning] Couldn't find file 'metacarpal4_rvs.vtp'.
[2026-09-15 12:21:46.432] [warning] Couldn't find file 'ring_proximal_rvs.vtp'.
[2026-09-15 12:21:46.432] [warning] Couldn't find file 'ring_medial_rvs.vtp'.
[2026-09-15 12:21:46.432] [warning] Couldn't find file 'ring_distal_rvs.vtp'.
[2026-09-15 12:21:46.432] [warning] Couldn't find file 'metacarpal5_rvs.vtp'.
[2026-09-15 12:21:46.433] [warning] Couldn't find file 'little_proximal_rvs.vtp'.
[2026-09-15 12:21:46.433] [warning] Couldn't find file 'little_medial_rvs.vtp'.
[2026-09-15 12:21:46.433] [warning] Couldn't find file 'little_distal_rvs.vtp'.
[2026-09-15 12:21:46.433] [warning] Couldn't find file 'metacarpal1_rvs.vtp'.
[2026-09-15 12:21:46.433] [warning] Couldn't find file 'thumb_proximal_rvs.vtp'.
[2026-09-15 12:21:46.434] [warning] Couldn't find file 'thumb_distal_rvs.vtp'.
[2026-09-15 12:21:46.434] [warning] Couldn't find file 'humerus_lv.vtp'.
[2026-09-15 12:21:46.435] [warning] Couldn't find file 'ulna_lv.vtp'.
[2026-09-15 12:21:46.435] [warning] Couldn't find file 'radius_lv.vtp'.
[2026-09-15 12:21:46.435] [warning] Couldn't find file 'pisiform_lvs.vtp'.
[2026-09-15 12:21:46.435] [warning] Couldn't find file 'lunate_lvs.vtp'.
[2026-09-15 12:21:46.435] [warning] Couldn't find file 'scaphoid_lvs.vtp'.
[2026-09-15 12:21:46.436] [warning] Couldn't find file 'triquetrum_lvs.vtp'.
[2026-09-15 12:21:46.436] [warning] Couldn't find file 'hamate_lvs.vtp'.
[2026-09-15 12:21:46.436] [warning] Couldn't find file 'capitate_lvs.vtp'.
[2026-09-15 12:21:46.436] [warning] Couldn't find file 'trapezoid_lvs.vtp'.
[2026-09-15 12:21:46.436] [warning] Couldn't find file 'trapezium_lvs.vtp'.
[2026-09-15 12:21:46.436] [warning] Couldn't find file 'metacarpal2_lvs.vtp'.
[2026-09-15 12:21:46.436] [warning] Couldn't find file 'index_proximal_lvs.vtp'.
[2026-09-15 12:21:46.437] [warning] Couldn't find file 'index_medial_lvs.vtp'.
[2026-09-15 12:21:46.437] [warning] Couldn't find file 'index_distal_lvs.vtp'.
[2026-09-15 12:21:46.437] [warning] Couldn't find file 'metacarpal3_lvs.vtp'.
[2026-09-15 12:21:46.437] [warning] Couldn't find file 'middle_proximal_lvs.vtp'.
[2026-09-15 12:21:46.437] [warning] Couldn't find file 'middle_medial_lvs.vtp'.
[2026-09-15 12:21:46.437] [warning] Couldn't find file 'middle_distal_lvs.vtp'.
[2026-09-15 12:21:46.437] [warning] Couldn't find file 'metacarpal4_lvs.vtp'.
[2026-09-15 12:21:46.437] [warning] Couldn't find file 'ring_proximal_lvs.vtp'.
[2026-09-15 12:21:46.438] [warning] Couldn't find file 'ring_medial_lvs.vtp'.
[2026-09-15 12:21:46.438] [warning] Couldn't find file 'ring_distal_lvs.vtp'.
[2026-09-15 12:21:46.438] [warning] Couldn't find file 'metacarpal5_lvs.vtp'.
[2026-09-15 12:21:46.439] [warning] Couldn't find file 'little_proximal_lvs.vtp'.
[2026-09-15 12:21:46.439] [warning] Couldn't find file 'little_medial_lvs.vtp'.
[2026-09-15 12:21:46.439] [warning] Couldn't find file 'little_distal_lvs.vtp'.
[2026-09-15 12:21:46.439] [warning] Couldn't find file 'metacarpal1_lvs.vtp'.
[2026-09-15 12:21:46.439] [warning] Couldn't find file 'thumb_proximal_lvs.vtp'.
[2026-09-15 12:21:46.439] [warning] Couldn't find file 'thumb_distal_lvs.vtp'.
[2026-09-15 12:21:50.931] [info] Loaded model RajagopalLaiUhlrich2023 from file assets/rajagopalaiulrich2023.osim
[2026-09-15 12:21:50.932] [warning] Couldn't find file 'r_pelvis.vtp'.
[2026-09-15 12:21:50.932] [warning] Couldn't find file 'l_pelvis.vtp'.
[2026-09-15 12:21:50.933] [warning] Couldn't find file 'sacrum.vtp'.
[2026-09-15 12:21:50.933] [warning] Couldn't find file 'r_femur.vtp'.
[2026-09-15 12:21:50.933] [warning] Couldn't find file 'r_tibia.vtp'.
[2026-09-15 12:21:50.934] [warning] Couldn't find file 'r_fibula.vtp'.
[2026-09-15 12:21:50.935] [warning] Couldn't find file 'r_patella.vtp'.
[2026-09-15 12:21:50.936] [warning] Couldn't find file 'r_talus.vtp'.
[2026-09-15 12:21:50.936] [warning] Couldn't find file 'r_foot.vtp'.
[2026-09-15 12:21:50.936] [warning] Couldn't find file 'r_bofoot.vtp'.
[2026-09-15 12:21:50.936] [warning] Couldn't find file 'l_femur.vtp'.
[2026-09-15 12:21:50.937] [warning] Couldn't find file 'l_tibia.vtp'.
[2026-09-15 12:21:50.937] [warning] Couldn't find file 'l_fibula.vtp'.
[2026-09-15 12:21:50.938] [warning] Couldn't find file 'l_patella.vtp'.
[2026-09-15 12:21:50.938] [warning] Couldn't find file 'l_talus.vtp'.
[2026-09-15 12:21:50.939] [warning] Couldn't find file 'l_foot.vtp'.
[2026-09-15 12:21:50.939] [warning] Couldn't find file 'l_bofoot.vtp'.
[2026-09-15 12:21:50.939] [warning] Couldn't find file 'hat_spine.vtp'.
[2026-09-15 12:21:50.939] [warning] Couldn't find file 'hat_jaw.vtp'.
[2026-09-15 12:21:50.939] [warning] Couldn't find file 'hat_skull.vtp'.
[2026-09-15 12:21:50.940] [warning] Couldn't find file 'hat_ribs_scap.vtp'.
[2026-09-15 12:21:50.940] [warning] Couldn't find file 'humerus_rv.vtp'.
[2026-09-15 12:21:50.940] [warning] Couldn't find file 'ulna_rv.vtp'.
[2026-09-15 12:21:50.940] [warning] Couldn't find file 'radius_rv.vtp'.
[2026-09-15 12:21:50.940] [warning] Couldn't find file 'pisiform_rvs.vtp'.
[2026-09-15 12:21:50.940] [warning] Couldn't find file 'lunate_rvs.vtp'.
[2026-09-15 12:21:50.940] [warning] Couldn't find file 'scaphoid_rvs.vtp'.
[2026-09-15 12:21:50.941] [warning] Couldn't find file 'triquetrum_rvs.vtp'.
[2026-09-15 12:21:50.941] [warning] Couldn't find file 'hamate_rvs.vtp'.
[2026-09-15 12:21:50.941] [warning] Couldn't find file 'capitate_rvs.vtp'.
[2026-09-15 12:21:50.941] [warning] Couldn't find file 'trapezoid_rvs.vtp'.
[2026-09-15 12:21:50.941] [warning] Couldn't find file 'trapezium_rvs.vtp'.
[2026-09-15 12:21:50.941] [warning] Couldn't find file 'metacarpal2_rvs.vtp'.
[2026-09-15 12:21:50.942] [warning] Couldn't find file 'index_proximal_rvs.vtp'.
[2026-09-15 12:21:50.942] [warning] Couldn't find file 'index_medial_rvs.vtp'.
[2026-09-15 12:21:50.942] [warning] Couldn't find file 'index_distal_rvs.vtp'.
[2026-09-15 12:21:50.942] [warning] Couldn't find file 'metacarpal3_rvs.vtp'.
[2026-09-15 12:21:50.942] [warning] Couldn't find file 'middle_proximal_rvs.vtp'.
[2026-09-15 12:21:50.942] [warning] Couldn't find file 'middle_medial_rvs.vtp'.
[2026-09-15 12:21:50.942] [warning] Couldn't find file 'middle_distal_rvs.vtp'.
[2026-09-15 12:21:50.942] [warning] Couldn't find file 'metacarpal4_rvs.vtp'.
[2026-09-15 12:21:50.943] [warning] Couldn't find file 'ring_proximal_rvs.vtp'.
[2026-09-15 12:21:50.943] [warning] Couldn't find file 'ring_medial_rvs.vtp'.
[2026-09-15 12:21:50.943] [warning] Couldn't find file 'ring_distal_rvs.vtp'.
[2026-09-15 12:21:50.943] [warning] Couldn't find file 'metacarpal5_rvs.vtp'.
[2026-09-15 12:21:50.943] [warning] Couldn't find file 'little_proximal_rvs.vtp'.
[2026-09-15 12:21:50.943] [warning] Couldn't find file 'little_medial_rvs.vtp'.
[2026-09-15 12:21:50.943] [warning] Couldn't find file 'little_distal_rvs.vtp'.
[2026-09-15 12:21:50.944] [warning] Couldn't find file 'metacarpal1_rvs.vtp'.
[2026-09-15 12:21:50.944] [warning] Couldn't find file 'thumb_proximal_rvs.vtp'.
[2026-09-15 12:21:50.944] [warning] Couldn't find file 'thumb_distal_rvs.vtp'.
[2026-09-15 12:21:50.944] [warning] Couldn't find file 'humerus_lv.vtp'.
[2026-09-15 12:21:50.944] [warning] Couldn't find file 'ulna_lv.vtp'.
[2026-09-15 12:21:50.944] [warning] Couldn't find file 'radius_lv.vtp'.
[2026-09-15 12:21:50.945] [warning] Couldn't find file 'pisiform_lvs.vtp'.
[2026-09-15 12:21:50.945] [warning] Couldn't find file 'lunate_lvs.vtp'.
[2026-09-15 12:21:50.945] [warning] Couldn't find file 'scaphoid_lvs.vtp'.
[2026-09-15 12:21:50.945] [warning] Couldn't find file 'triquetrum_lvs.vtp'.
[2026-09-15 12:21:50.945] [warning] Couldn't find file 'hamate_lvs.vtp'.
[2026-09-15 12:21:50.945] [warning] Couldn't find file 'capitate_lvs.vtp'.
[2026-09-15 12:21:50.946] [warning] Couldn't find file 'trapezoid_lvs.vtp'.
[2026-09-15 12:21:50.946] [warning] Couldn't find file 'trapezium_lvs.vtp'.
[2026-09-15 12:21:50.946] [warning] Couldn't find file 'metacarpal2_lvs.vtp'.
[2026-09-15 12:21:50.946] [warning] Couldn't find file 'index_proximal_lvs.vtp'.
[2026-09-15 12:21:50.946] [warning] Couldn't find file 'index_medial_lvs.vtp'.
[2026-09-15 12:21:50.946] [warning] Couldn't find file 'index_distal_lvs.vtp'.
[2026-09-15 12:21:50.946] [warning] Couldn't find file 'metacarpal3_lvs.vtp'.
[2026-09-15 12:21:50.946] [warning] Couldn't find file 'middle_proximal_lvs.vtp'.
[2026-09-15 12:21:50.946] [warning] Couldn't find file 'middle_medial_lvs.vtp'.
[2026-09-15 12:21:50.947] [warning] Couldn't find file 'middle_distal_lvs.vtp'.
[2026-09-15 12:21:50.947] [warning] Couldn't find file 'metacarpal4_lvs.vtp'.
[2026-09-15 12:21:50.947] [warning] Couldn't find file 'ring_proximal_lvs.vtp'.
[2026-09-15 12:21:50.947] [warning] Couldn't find file 'ring_medial_lvs.vtp'.
[2026-09-15 12:21:50.947] [warning] Couldn't find file 'ring_distal_lvs.vtp'.
[2026-09-15 12:21:50.947] [warning] Couldn't find file 'metacarpal5_lvs.vtp'.
[2026-09-15 12:21:50.947] [warning] Couldn't find file 'little_proximal_lvs.vtp'.
[2026-09-15 12:21:50.947] [warning] Couldn't find file 'little_medial_lvs.vtp'.
[2026-09-15 12:21:50.947] [warning] Couldn't find file 'little_distal_lvs.vtp'.
[2026-09-15 12:21:50.947] [warning] Couldn't find file 'metacarpal1_lvs.vtp'.
[2026-09-15 12:21:50.948] [warning] Couldn't find file 'thumb_proximal_lvs.vtp'.
[2026-09-15 12:21:50.948] [warning] Couldn't find file 'thumb_distal_lvs.vtp'.
[2026-09-15 12:21:58.262] [info] Loaded model RajagopalLaiUhlrich2023 from file C:\Users\lzoffoli\Technogym SPA\SCIENTIFIC RESEARCH - Documenti\github_repositories\ansur_user\assets\rajagopalaiulrich2023.osim
[2026-09-15 12:21:58.265] [warning] Couldn't find file 'r_pelvis.vtp'.
[2026-09-15 12:21:58.265] [warning] Couldn't find file 'l_pelvis.vtp'.
[2026-09-15 12:21:58.265] [warning] Couldn't find file 'sacrum.vtp'.
[2026-09-15 12:21:58.265] [warning] Couldn't find file 'r_femur.vtp'.
[2026-09-15 12:21:58.266] [warning] Couldn't find file 'r_tibia.vtp'.
[2026-09-15 12:21:58.266] [warning] Couldn't find file 'r_fibula.vtp'.
[2026-09-15 12:21:58.266] [warning] Couldn't find file 'r_patella.vtp'.
[2026-09-15 12:21:58.267] [warning] Couldn't find file 'r_talus.vtp'.
[2026-09-15 12:21:58.267] [warning] Couldn't find file 'r_foot.vtp'.
[2026-09-15 12:21:58.267] [warning] Couldn't find file 'r_bofoot.vtp'.
[2026-09-15 12:21:58.268] [warning] Couldn't find file 'l_femur.vtp'.
[2026-09-15 12:21:58.269] [warning] Couldn't find file 'l_tibia.vtp'.
[2026-09-15 12:21:58.270] [warning] Couldn't find file 'l_fibula.vtp'.
[2026-09-15 12:21:58.270] [warning] Couldn't find file 'l_patella.vtp'.
[2026-09-15 12:21:58.270] [warning] Couldn't find file 'l_talus.vtp'.
[2026-09-15 12:21:58.271] [warning] Couldn't find file 'l_foot.vtp'.
[2026-09-15 12:21:58.271] [warning] Couldn't find file 'l_bofoot.vtp'.
[2026-09-15 12:21:58.272] [warning] Couldn't find file 'hat_spine.vtp'.
[2026-09-15 12:21:58.272] [warning] Couldn't find file 'hat_jaw.vtp'.
[2026-09-15 12:21:58.273] [warning] Couldn't find file 'hat_skull.vtp'.
[2026-09-15 12:21:58.273] [warning] Couldn't find file 'hat_ribs_scap.vtp'.
[2026-09-15 12:21:58.273] [warning] Couldn't find file 'humerus_rv.vtp'.
[2026-09-15 12:21:58.274] [warning] Couldn't find file 'ulna_rv.vtp'.
[2026-09-15 12:21:58.275] [warning] Couldn't find file 'radius_rv.vtp'.
[2026-09-15 12:21:58.275] [warning] Couldn't find file 'pisiform_rvs.vtp'.
[2026-09-15 12:21:58.275] [warning] Couldn't find file 'lunate_rvs.vtp'.
[2026-09-15 12:21:58.275] [warning] Couldn't find file 'scaphoid_rvs.vtp'.
[2026-09-15 12:21:58.276] [warning] Couldn't find file 'triquetrum_rvs.vtp'.
[2026-09-15 12:21:58.276] [warning] Couldn't find file 'hamate_rvs.vtp'.
[2026-09-15 12:21:58.276] [warning] Couldn't find file 'capitate_rvs.vtp'.
[2026-09-15 12:21:58.276] [warning] Couldn't find file 'trapezoid_rvs.vtp'.
[2026-09-15 12:21:58.276] [warning] Couldn't find file 'trapezium_rvs.vtp'.
[2026-09-15 12:21:58.277] [warning] Couldn't find file 'metacarpal2_rvs.vtp'.
[2026-09-15 12:21:58.277] [warning] Couldn't find file 'index_proximal_rvs.vtp'.
[2026-09-15 12:21:58.277] [warning] Couldn't find file 'index_medial_rvs.vtp'.
[2026-09-15 12:21:58.277] [warning] Couldn't find file 'index_distal_rvs.vtp'.
[2026-09-15 12:21:58.277] [warning] Couldn't find file 'metacarpal3_rvs.vtp'.
[2026-09-15 12:21:58.278] [warning] Couldn't find file 'middle_proximal_rvs.vtp'.
[2026-09-15 12:21:58.278] [warning] Couldn't find file 'middle_medial_rvs.vtp'.
[2026-09-15 12:21:58.278] [warning] Couldn't find file 'middle_distal_rvs.vtp'.
[2026-09-15 12:21:58.278] [warning] Couldn't find file 'metacarpal4_rvs.vtp'.
[2026-09-15 12:21:58.278] [warning] Couldn't find file 'ring_proximal_rvs.vtp'.
[2026-09-15 12:21:58.278] [warning] Couldn't find file 'ring_medial_rvs.vtp'.
[2026-09-15 12:21:58.279] [warning] Couldn't find file 'ring_distal_rvs.vtp'.
[2026-09-15 12:21:58.279] [warning] Couldn't find file 'metacarpal5_rvs.vtp'.
[2026-09-15 12:21:58.279] [warning] Couldn't find file 'little_proximal_rvs.vtp'.
[2026-09-15 12:21:58.279] [warning] Couldn't find file 'little_medial_rvs.vtp'.
[2026-09-15 12:21:58.280] [warning] Couldn't find file 'little_distal_rvs.vtp'.
[2026-09-15 12:21:58.280] [warning] Couldn't find file 'metacarpal1_rvs.vtp'.
[2026-09-15 12:21:58.280] [warning] Couldn't find file 'thumb_proximal_rvs.vtp'.
[2026-09-15 12:21:58.280] [warning] Couldn't find file 'thumb_distal_rvs.vtp'.
[2026-09-15 12:21:58.281] [warning] Couldn't find file 'humerus_lv.vtp'.
[2026-09-15 12:21:58.281] [warning] Couldn't find file 'ulna_lv.vtp'.
[2026-09-15 12:21:58.281] [warning] Couldn't find file 'radius_lv.vtp'.
[2026-09-15 12:21:58.282] [warning] Couldn't find file 'pisiform_lvs.vtp'.
[2026-09-15 12:21:58.282] [warning] Couldn't find file 'lunate_lvs.vtp'.
[2026-09-15 12:21:58.282] [warning] Couldn't find file 'scaphoid_lvs.vtp'.
[2026-09-15 12:21:58.282] [warning] Couldn't find file 'triquetrum_lvs.vtp'.
[2026-09-15 12:21:58.283] [warning] Couldn't find file 'hamate_lvs.vtp'.
[2026-09-15 12:21:58.283] [warning] Couldn't find file 'capitate_lvs.vtp'.
[2026-09-15 12:21:58.283] [warning] Couldn't find file 'trapezoid_lvs.vtp'.
[2026-09-15 12:21:58.283] [warning] Couldn't find file 'trapezium_lvs.vtp'.
[2026-09-15 12:21:58.284] [warning] Couldn't find file 'metacarpal2_lvs.vtp'.
[2026-09-15 12:21:58.284] [warning] Couldn't find file 'index_proximal_lvs.vtp'.
[2026-09-15 12:21:58.284] [warning] Couldn't find file 'index_medial_lvs.vtp'.
[2026-09-15 12:21:58.284] [warning] Couldn't find file 'index_distal_lvs.vtp'.
[2026-09-15 12:21:58.285] [warning] Couldn't find file 'metacarpal3_lvs.vtp'.
[2026-09-15 12:21:58.285] [warning] Couldn't find file 'middle_proximal_lvs.vtp'.
[2026-09-15 12:21:58.285] [warning] Couldn't find file 'middle_medial_lvs.vtp'.
[2026-09-15 12:21:58.286] [warning] Couldn't find file 'middle_distal_lvs.vtp'.
[2026-09-15 12:21:58.286] [warning] Couldn't find file 'metacarpal4_lvs.vtp'.
[2026-09-15 12:21:58.286] [warning] Couldn't find file 'ring_proximal_lvs.vtp'.
[2026-09-15 12:21:58.286] [warning] Couldn't find file 'ring_medial_lvs.vtp'.
[2026-09-15 12:21:58.287] [warning] Couldn't find file 'ring_distal_lvs.vtp'.
[2026-09-15 12:21:58.287] [warning] Couldn't find file 'metacarpal5_lvs.vtp'.
[2026-09-15 12:21:58.287] [warning] Couldn't find file 'little_proximal_lvs.vtp'.
[2026-09-15 12:21:58.287] [warning] Couldn't find file 'little_medial_lvs.vtp'.
[2026-09-15 12:21:58.287] [warning] Couldn't find file 'little_distal_lvs.vtp'.
[2026-09-15 12:21:58.288] [warning] Couldn't find file 'metacarpal1_lvs.vtp'.
[2026-09-15 12:21:58.288] [warning] Couldn't find file 'thumb_proximal_lvs.vtp'.
[2026-09-15 12:21:58.288] [warning] Couldn't find file 'thumb_distal_lvs.vtp'.
[2026-09-15 12:22:41.894] [info] Loaded model RajagopalLaiUhlrich2023 from file C:\Users\lzoffoli\Technogym SPA\SCIENTIFIC RESEARCH - Documenti\github_repositories\ansur_user\assets\rajagopalaiulrich2023.osim
[2026-09-15 12:24:50.362] [info] Loaded model RajagopalLaiUhlrich2023 from file C:\Users\lzoffoli\Technogym SPA\SCIENTIFIC RESEARCH - Documenti\github_repositories\ansur_user\assets\rajagopalaiulrich2023.osim
[2026-09-15 12:26:39.328] [info] Loaded model RajagopalLaiUhlrich2023 from file assets/rajagopalaiulrich2023.osim
[2026-09-15 12:26:47.021] [info] Loaded model RajagopalLaiUhlrich2023 from file assets/rajagopalaiulrich2023.osim
[2026-09-15 12:27:18.164] [info] Loaded model RajagopalLaiUhlrich2023 from file C:\Users\lzoffoli\Technogym SPA\SCIENTIFIC RESEARCH - Documenti\github_repositories\ansur_user\assets\rajagopalaiulrich2023.osim
[2026-09-15 12:27:33.370] [info] Loaded model RajagopalLaiUhlrich2023 from file C:\Users\lzoffoli\Technogym SPA\SCIENTIFIC RESEARCH - Documenti\github_repositories\ansur_user\assets\rajagopalaiulrich2023.osim
[2026-09-15 12:27:40.068] [info] Loaded model RajagopalLaiUhlrich2023 from file C:\Users\lzoffoli\Technogym SPA\SCIENTIFIC RESEARCH - Documenti\github_repositories\ansur_user\assets\rajagopalaiulrich2023.osim
[2026-09-15 12:27:41.201] [info] Loaded model RajagopalLaiUhlrich2023 from file C:\Users\lzoffoli\Technogym SPA\SCIENTIFIC RESEARCH - Documenti\github_repositories\ansur_user\assets\rajagopalaiulrich2023.osim
[2026-09-15 12:28:04.606] [info] Loaded model RajagopalLaiUhlrich2023 from file C:\Users\lzoffoli\Technogym SPA\SCIENTIFIC RESEARCH - Documenti\github_repositories\ansur_user\assets\rajagopalaiulrich2023.osim
[2026-09-15 12:28:06.826] [info] Loaded model RajagopalLaiUhlrich2023 from file C:\Users\lzoffoli\Technogym SPA\SCIENTIFIC RESEARCH - Documenti\github_repositories\ansur_user\assets\rajagopalaiulrich2023.osim
[2026-09-15 12:28:09.335] [info] Loaded model RajagopalLaiUhlrich2023 from file C:\Users\lzoffoli\Technogym SPA\SCIENTIFIC RESEARCH - Documenti\github_repositories\ansur_user\assets\rajagopalaiulrich2023.osim
[2026-09-15 12:28:11.225] [info] Loaded model RajagopalLaiUhlrich2023 from file C:\Users\lzoffoli\Technogym SPA\SCIENTIFIC RESEARCH - Documenti\github_repositories\ansur_user\assets\rajagopalaiulrich2023.osim
[2026-09-15 12:28:12.356] [warning] Coordinate.setValue:  coordinate subtalar_angle_l is locked. Unable to change its value.
[2026-09-15 12:28:19.464] [info] Loaded model RajagopalLaiUhlrich2023 from file assets\rajagopalaiulrich2023.osim
[2026-09-15 12:28:20.266] [warning] Coordinate.setValue:  coordinate subtalar_angle_l is locked. Unable to change its value.
[2026-09-15 12:28:20.266] [warning] Coordinate.setValue:  coordinate mtp_angle_r is locked. Unable to change its value.
[2026-09-15 12:29:19.208] [info] Loaded model RajagopalLaiUhlrich2023 from file C:\Users\lzoffoli\Technogym SPA\SCIENTIFIC RESEARCH - Documenti\github_repositories\ansur_user\assets\rajagopalaiulrich2023.osim
[2026-09-15 12:29:20.752] [info] Loaded model RajagopalLaiUhlrich2023 from file C:\Users\lzoffoli\Technogym SPA\SCIENTIFIC RESEARCH - Documenti\github_repositories\ansur_user\assets\rajagopalaiulrich2023.osim
[2026-09-15 12:29:22.169] [info] Loaded model RajagopalLaiUhlrich2023 from file C:\Users\lzoffoli\Technogym SPA\SCIENTIFIC RESEARCH - Documenti\github_repositories\ansur_user\assets\rajagopalaiulrich2023.osim
[2026-09-15 12:29:23.583] [info] Loaded model RajagopalLaiUhlrich2023 from file C:\Users\lzoffoli\Technogym SPA\SCIENTIFIC RESEARCH - Documenti\github_repositories\ansur_user\assets\rajagopalaiulrich2023.osim
[2026-09-15 12:29:24.431] [warning] Coordinate.setValue:  coordinate subtalar_angle_l is locked. Unable to change its value.
[2026-09-15 12:29:31.819] [info] Loaded model RajagopalLaiUhlrich2023 from file assets/rajagopalaiulrich2023.osim
[2026-09-15 12:29:37.442] [info] Loaded model RajagopalLaiUhlrich2023 from file assets/rajagopalaiulrich2023.osim
[2026-09-15 12:29:40.512] [info] Loaded model RajagopalLaiUhlrich2023 from file assets/rajagopalaiulrich2023.osim
[2026-09-15 12:29:43.122] [info] Loaded model RajagopalLaiUhlrich2023 from file assets/rajagopalaiulrich2023.osim
[2026-09-15 12:30:04.224] [info] Loaded model RajagopalLaiUhlrich2023 from file C:\Users\lzoffoli\Technogym SPA\SCIENTIFIC RESEARCH - Documenti\github_repositories\ansur_user\assets\rajagopalaiulrich2023.osim
[2026-09-15 12:30:05.961] [info] Loaded model RajagopalLaiUhlrich2023 from file C:\Users\lzoffoli\Technogym SPA\SCIENTIFIC RESEARCH - Documenti\github_repositories\ansur_user\assets\rajagopalaiulrich2023.osim
[2026-09-15 12:30:07.482] [info] Loaded model RajagopalLaiUhlrich2023 from file C:\Users\lzoffoli\Technogym SPA\SCIENTIFIC RESEARCH - Documenti\github_repositories\ansur_user\assets\rajagopalaiulrich2023.osim
[2026-09-15 12:30:09.193] [info] Loaded model RajagopalLaiUhlrich2023 from file C:\Users\lzoffoli\Technogym SPA\SCIENTIFIC RESEARCH - Documenti\github_repositories\ansur_user\assets\rajagopalaiulrich2023.osim
[2026-09-15 12:30:11.298] [info] Loaded model RajagopalLaiUhlrich2023 from file C:\Users\lzoffoli\Technogym SPA\SCIENTIFIC RESEARCH - Documenti\github_repositories\ansur_user\assets\rajagopalaiulrich2023.osim
[2026-09-15 12:30:26.038] [info] Loaded model RajagopalLaiUhlrich2023 from file C:\Users\lzoffoli\Technogym SPA\SCIENTIFIC RESEARCH - Documenti\github_repositories\ansur_user\assets\rajagopalaiulrich2023.osim
[2026-09-15 12:30:27.564] [info] Loaded model RajagopalLaiUhlrich2023 from file C:\Users\lzoffoli\Technogym SPA\SCIENTIFIC RESEARCH - Documenti\github_repositories\ansur_user\assets\rajagopalaiulrich2023.osim
[2026-09-15 12:30:29.022] [info] Loaded model RajagopalLaiUhlrich2023 from file C:\Users\lzoffoli\Technogym SPA\SCIENTIFIC RESEARCH - Documenti\github_repositories\ansur_user\assets\rajagopalaiulrich2023.osim
[2026-09-15 12:30:30.441] [info] Loaded model RajagopalLaiUhlrich2023 from file C:\Users\lzoffoli\Technogym SPA\SCIENTIFIC RESEARCH - Documenti\github_repositories\ansur_user\assets\rajagopalaiulrich2023.osim
[2026-09-15 12:30:31.959] [info] Loaded model RajagopalLaiUhlrich2023 from file C:\Users\lzoffoli\Technogym SPA\SCIENTIFIC RESEARCH - Documenti\github_repositories\ansur_user\assets\rajagopalaiulrich2023.osim
[2026-09-15 12:32:31.575] [info] Loaded model RajagopalLaiUhlrich2023 from file C:\Users\lzoffoli\Technogym SPA\SCIENTIFIC RESEARCH - Documenti\github_repositories\ansur_user\assets\rajagopalaiulrich2023.osim
[2026-09-15 12:32:32.706] [info] Loaded model RajagopalLaiUhlrich2023 from file C:\Users\lzoffoli\Technogym SPA\SCIENTIFIC RESEARCH - Documenti\github_repositories\ansur_user\assets\rajagopalaiulrich2023.osim
[2026-09-15 12:32:33.844] [info] Loaded model RajagopalLaiUhlrich2023 from file C:\Users\lzoffoli\Technogym SPA\SCIENTIFIC RESEARCH - Documenti\github_repositories\ansur_user\assets\rajagopalaiulrich2023.osim
[2026-09-15 12:32:35.041] [info] Loaded model RajagopalLaiUhlrich2023 from file C:\Users\lzoffoli\Technogym SPA\SCIENTIFIC RESEARCH - Documenti\github_repositories\ansur_user\assets\rajagopalaiulrich2023.osim
[2026-09-15 12:32:36.163] [info] Loaded model RajagopalLaiUhlrich2023 from file C:\Users\lzoffoli\Technogym SPA\SCIENTIFIC RESEARCH - Documenti\github_repositories\ansur_user\assets\rajagopalaiulrich2023.osim
[2026-09-15 12:33:55.506] [info] Loaded model RajagopalLaiUhlrich2023 from file assets/rajagopalaiulrich2023.osim
[2026-09-15 12:34:04.483] [info] Loaded model RajagopalLaiUhlrich2023 from file assets/rajagopalaiulrich2023.osim
[2026-09-15 12:38:13.775] [info] Loaded model RajagopalLaiUhlrich2023 from file C:\Users\lzoffoli\Technogym SPA\SCIENTIFIC RESEARCH - Documenti\github_repositories\ansur_user\assets\rajagopalaiulrich2023.osim
[2026-09-15 12:38:44.417] [info] Loaded model RajagopalLaiUhlrich2023 from file assets\rajagopalaiulrich2023.osim
[2026-09-15 12:38:55.002] [info] Loaded model RajagopalLaiUhlrich2023 from file assets\rajagopalaiulrich2023.osim
[2026-09-15 12:39:01.939] [info] Loaded model RajagopalLaiUhlrich2023 from file assets\rajagopalaiulrich2023.osim
[2026-09-15 12:41:01.348] [info] Set log level to Debug.
[2026-09-15 12:41:01.392] [info] Loaded model RajagopalLaiUhlrich2023 from file assets/rajagopalaiulrich2023.osim
[2026-09-15 12:41:25.706] [info] Loaded model RajagopalLaiUhlrich2023 from file assets/rajagopalaiulrich2023.osim
[2026-09-15 12:41:44.987] [info] Loaded model RajagopalLaiUhlrich2023 from file assets/rajagopalaiulrich2023.osim
[2026-09-15 12:42:01.906] [info] Loaded model RajagopalLaiUhlrich2023 from file assets/rajagopalaiulrich2023.osim
[2026-09-15 12:43:07.704] [info] Loaded model RajagopalLaiUhlrich2023 from file assets\rajagopalaiulrich2023.osim
[2026-09-15 12:45:07.482] [info] Loaded model RajagopalLaiUhlrich2023 from file C:\Users\lzoffoli\Technogym SPA\SCIENTIFIC RESEARCH - Documenti\github_repositories\ansur_user\assets\rajagopalaiulrich2023.osim
[2026-09-15 12:45:15.224] [info] Loaded model RajagopalLaiUhlrich2023 from file C:\Users\lzoffoli\Technogym SPA\SCIENTIFIC RESEARCH - Documenti\github_repositories\ansur_user\assets\rajagopalaiulrich2023.osim
[2026-09-15 12:46:21.063] [info] Loaded model RajagopalLaiUhlrich2023 from file C:\Users\lzoffoli\Technogym SPA\SCIENTIFIC RESEARCH - Documenti\github_repositories\ansur_user\assets\rajagopalaiulrich2023.osim
[2026-09-15 12:46:35.583] [info] Loaded model RajagopalLaiUhlrich2023 from file C:\Users\lzoffoli\Technogym SPA\SCIENTIFIC RESEARCH - Documenti\github_repositories\ansur_user\assets\rajagopalaiulrich2023.osim
[2026-09-15 12:46:36.728] [info] Loaded model RajagopalLaiUhlrich2023 from file C:\Users\lzoffoli\Technogym SPA\SCIENTIFIC RESEARCH - Documenti\github_repositories\ansur_user\assets\rajagopalaiulrich2023.osim
[2026-09-15 12:46:37.864] [info] Loaded model RajagopalLaiUhlrich2023 from file C:\Users\lzoffoli\Technogym SPA\SCIENTIFIC RESEARCH - Documenti\github_repositories\ansur_user\assets\rajagopalaiulrich2023.osim
[2026-09-15 12:46:38.994] [info] Loaded model RajagopalLaiUhlrich2023 from file C:\Users\lzoffoli\Technogym SPA\SCIENTIFIC RESEARCH - Documenti\github_repositories\ansur_user\assets\rajagopalaiulrich2023.osim
[2026-09-15 12:46:40.131] [info] Loaded model RajagopalLaiUhlrich2023 from file C:\Users\lzoffoli\Technogym SPA\SCIENTIFIC RESEARCH - Documenti\github_repositories\ansur_user\assets\rajagopalaiulrich2023.osim
[2026-09-15 12:46:41.267] [info] Loaded model RajagopalLaiUhlrich2023 from file C:\Users\lzoffoli\Technogym SPA\SCIENTIFIC RESEARCH - Documenti\github_repositories\ansur_user\assets\rajagopalaiulrich2023.osim
[2026-09-15 12:50:35.304] [info] Loaded model RajagopalLaiUhlrich2023 from file C:\Users\lzoffoli\Technogym SPA\SCIENTIFIC RESEARCH - Documenti\github_repositories\ansur_user\assets\rajagopalaiulrich2023.osim
[2026-09-15 12:50:36.467] [info] Loaded model RajagopalLaiUhlrich2023 from file C:\Users\lzoffoli\Technogym SPA\SCIENTIFIC RESEARCH - Documenti\github_repositories\ansur_user\assets\rajagopalaiulrich2023.osim
[2026-09-15 12:50:37.613] [info] Loaded model RajagopalLaiUhlrich2023 from file C:\Users\lzoffoli\Technogym SPA\SCIENTIFIC RESEARCH - Documenti\github_repositories\ansur_user\assets\rajagopalaiulrich2023.osim
[2026-09-15 12:50:38.714] [info] Loaded model RajagopalLaiUhlrich2023 from file C:\Users\lzoffoli\Technogym SPA\SCIENTIFIC RESEARCH - Documenti\github_repositories\ansur_user\assets\rajagopalaiulrich2023.osim
[2026-09-15 12:50:39.843] [info] Loaded model RajagopalLaiUhlrich2023 from file C:\Users\lzoffoli\Technogym SPA\SCIENTIFIC RESEARCH - Documenti\github_repositories\ansur_user\assets\rajagopalaiulrich2023.osim
[2026-09-15 12:50:40.962] [info] Loaded model RajagopalLaiUhlrich2023 from file C:\Users\lzoffoli\Technogym SPA\SCIENTIFIC RESEARCH - Documenti\github_repositories\ansur_user\assets\rajagopalaiulrich2023.osim
[2026-09-15 12:50:42.082] [info] Loaded model RajagopalLaiUhlrich2023 from file C:\Users\lzoffoli\Technogym SPA\SCIENTIFIC RESEARCH - Documenti\github_repositories\ansur_user\assets\rajagopalaiulrich2023.osim
[2026-09-15 12:50:43.232] [info] Loaded model RajagopalLaiUhlrich2023 from file C:\Users\lzoffoli\Technogym SPA\SCIENTIFIC RESEARCH - Documenti\github_repositories\ansur_user\assets\rajagopalaiulrich2023.osim
[2026-09-15 12:50:44.347] [info] Loaded model RajagopalLaiUhlrich2023 from file C:\Users\lzoffoli\Technogym SPA\SCIENTIFIC RESEARCH - Documenti\github_repositories\ansur_user\assets\rajagopalaiulrich2023.osim
[2026-09-15 12:50:46.705] [info] Loaded model RajagopalLaiUhlrich2023 from file C:\Users\lzoffoli\Technogym SPA\SCIENTIFIC RESEARCH - Documenti\github_repositories\ansur_user\assets\rajagopalaiulrich2023.osim
[2026-09-15 12:50:55.936] [info] Loaded model RajagopalLaiUhlrich2023 from file C:\Users\lzoffoli\Technogym SPA\SCIENTIFIC RESEARCH - Documenti\github_repositories\ansur_user\assets\rajagopalaiulrich2023.osim
[2026-09-15 12:52:06.684] [info] Loaded model RajagopalLaiUhlrich2023 from file C:\Users\lzoffoli\Technogym SPA\SCIENTIFIC RESEARCH - Documenti\github_repositories\ansur_user\assets\rajagopalaiulrich2023.osim
[info] Loaded model RajagopalLaiUhlrich2023 from file C:\Users\lzoffoli\Technogym SPA\SCIENTIFIC RESEARCH - Documenti\github_repositories\ansur_user\assets\rajagopalaiulrich2023.osim
[2026-09-15 12:52:07.777] [info] Loaded model RajagopalLaiUhlrich2023 from file C:\Users\lzoffoli\Technogym SPA\SCIENTIFIC RESEARCH - Documenti\github_repositories\ansur_user\assets\rajagopalaiulrich2023.osim
[info] Loaded model RajagopalLaiUhlrich2023 from file C:\Users\lzoffoli\Technogym SPA\SCIENTIFIC RESEARCH - Documenti\github_repositories\ansur_user\assets\rajagopalaiulrich2023.osim
[2026-09-15 12:52:08.872] [info] Loaded model RajagopalLaiUhlrich2023 from file C:\Users\lzoffoli\Technogym SPA\SCIENTIFIC RESEARCH - Documenti\github_repositories\ansur_user\assets\rajagopalaiulrich2023.osim
[info] Loaded model RajagopalLaiUhlrich2023 from file C:\Users\lzoffoli\Technogym SPA\SCIENTIFIC RESEARCH - Documenti\github_repositories\ansur_user\assets\rajagopalaiulrich2023.osim
[2026-09-15 12:52:09.995] [info] Loaded model RajagopalLaiUhlrich2023 from file C:\Users\lzoffoli\Technogym SPA\SCIENTIFIC RESEARCH - Documenti\github_repositories\ansur_user\assets\rajagopalaiulrich2023.osim
[info] Loaded model RajagopalLaiUhlrich2023 from file C:\Users\lzoffoli\Technogym SPA\SCIENTIFIC RESEARCH - Documenti\github_repositories\ansur_user\assets\rajagopalaiulrich2023.osim
[2026-09-15 12:52:11.098] [info] Loaded model RajagopalLaiUhlrich2023 from file C:\Users\lzoffoli\Technogym SPA\SCIENTIFIC RESEARCH - Documenti\github_repositories\ansur_user\assets\rajagopalaiulrich2023.osim
[info] Loaded model RajagopalLaiUhlrich2023 from file C:\Users\lzoffoli\Technogym SPA\SCIENTIFIC RESEARCH - Documenti\github_repositories\ansur_user\assets\rajagopalaiulrich2023.osim
[2026-09-15 12:52:12.241] [info] Loaded model RajagopalLaiUhlrich2023 from file C:\Users\lzoffoli\Technogym SPA\SCIENTIFIC RESEARCH - Documenti\github_repositories\ansur_user\assets\rajagopalaiulrich2023.osim
[info] Loaded model RajagopalLaiUhlrich2023 from file C:\Users\lzoffoli\Technogym SPA\SCIENTIFIC RESEARCH - Documenti\github_repositories\ansur_user\assets\rajagopalaiulrich2023.osim
[2026-09-15 12:52:13.350] [info] Loaded model RajagopalLaiUhlrich2023 from file C:\Users\lzoffoli\Technogym SPA\SCIENTIFIC RESEARCH - Documenti\github_repositories\ansur_user\assets\rajagopalaiulrich2023.osim
[info] Loaded model RajagopalLaiUhlrich2023 from file C:\Users\lzoffoli\Technogym SPA\SCIENTIFIC RESEARCH - Documenti\github_repositories\ansur_user\assets\rajagopalaiulrich2023.osim
[2026-09-15 12:52:14.470] [info] Loaded model RajagopalLaiUhlrich2023 from file C:\Users\lzoffoli\Technogym SPA\SCIENTIFIC RESEARCH - Documenti\github_repositories\ansur_user\assets\rajagopalaiulrich2023.osim
[info] Loaded model RajagopalLaiUhlrich2023 from file C:\Users\lzoffoli\Technogym SPA\SCIENTIFIC RESEARCH - Documenti\github_repositories\ansur_user\assets\rajagopalaiulrich2023.osim
[2026-09-15 12:52:15.643] [info] Loaded model RajagopalLaiUhlrich2023 from file C:\Users\lzoffoli\Technogym SPA\SCIENTIFIC RESEARCH - Documenti\github_repositories\ansur_user\assets\rajagopalaiulrich2023.osim
[info] Loaded model RajagopalLaiUhlrich2023 from file C:\Users\lzoffoli\Technogym SPA\SCIENTIFIC RESEARCH - Documenti\github_repositories\ansur_user\assets\rajagopalaiulrich2023.osim
[2026-09-15 12:52:16.765] [info] Loaded model RajagopalLaiUhlrich2023 from file C:\Users\lzoffoli\Technogym SPA\SCIENTIFIC RESEARCH - Documenti\github_repositories\ansur_user\assets\rajagopalaiulrich2023.osim
[info] Loaded model RajagopalLaiUhlrich2023 from file C:\Users\lzoffoli\AppData\Local\Temp\tmp8b1b0sxu\exported.osim
[2026-09-15 12:52:17.592] [info] Loaded model RajagopalLaiUhlrich2023 from file C:\Users\lzoffoli\AppData\Local\Temp\tmp8b1b0sxu\exported.osim
[warning] Couldn't find file 'r_pelvis.vtp'.
[2026-09-15 12:52:17.593] [warning] Couldn't find file 'r_pelvis.vtp'.
[warning] Couldn't find file 'l_pelvis.vtp'.
[2026-09-15 12:52:17.593] [warning] Couldn't find file 'l_pelvis.vtp'.
[warning] Couldn't find file 'sacrum.vtp'.
[2026-09-15 12:52:17.593] [warning] Couldn't find file 'sacrum.vtp'.
[warning] Couldn't find file 'r_femur.vtp'.
[2026-09-15 12:52:17.594] [warning] Couldn't find file 'r_femur.vtp'.
[warning] Couldn't find file 'r_tibia.vtp'.
[2026-09-15 12:52:17.594] [warning] Couldn't find file 'r_tibia.vtp'.
[warning] Couldn't find file 'r_fibula.vtp'.
[2026-09-15 12:52:17.594] [warning] Couldn't find file 'r_fibula.vtp'.
[warning] Couldn't find file 'r_patella.vtp'.
[2026-09-15 12:52:17.594] [warning] Couldn't find file 'r_patella.vtp'.
[warning] Couldn't find file 'r_talus.vtp'.
[2026-09-15 12:52:17.594] [warning] Couldn't find file 'r_talus.vtp'.
[warning] Couldn't find file 'r_foot.vtp'.
[2026-09-15 12:52:17.594] [warning] Couldn't find file 'r_foot.vtp'.
[warning] Couldn't find file 'r_bofoot.vtp'.
[2026-09-15 12:52:17.594] [warning] Couldn't find file 'r_bofoot.vtp'.
[warning] Couldn't find file 'l_femur.vtp'.
[2026-09-15 12:52:17.594] [warning] Couldn't find file 'l_femur.vtp'.
[warning] Couldn't find file 'l_tibia.vtp'.
[2026-09-15 12:52:17.594] [warning] Couldn't find file 'l_tibia.vtp'.
[warning] Couldn't find file 'l_fibula.vtp'.
[2026-09-15 12:52:17.594] [warning] Couldn't find file 'l_fibula.vtp'.
[warning] Couldn't find file 'l_patella.vtp'.
[2026-09-15 12:52:17.594] [warning] Couldn't find file 'l_patella.vtp'.
[warning] Couldn't find file 'l_talus.vtp'.
[2026-09-15 12:52:17.595] [warning] Couldn't find file 'l_talus.vtp'.
[warning] Couldn't find file 'l_foot.vtp'.
[2026-09-15 12:52:17.595] [warning] Couldn't find file 'l_foot.vtp'.
[warning] Couldn't find file 'l_bofoot.vtp'.
[2026-09-15 12:52:17.595] [warning] Couldn't find file 'l_bofoot.vtp'.
[warning] Couldn't find file 'hat_spine.vtp'.
[2026-09-15 12:52:17.595] [warning] Couldn't find file 'hat_spine.vtp'.
[warning] Couldn't find file 'hat_jaw.vtp'.
[2026-09-15 12:52:17.595] [warning] Couldn't find file 'hat_jaw.vtp'.
[warning] Couldn't find file 'hat_skull.vtp'.
[2026-09-15 12:52:17.595] [warning] Couldn't find file 'hat_skull.vtp'.
[warning] Couldn't find file 'hat_ribs_scap.vtp'.
[2026-09-15 12:52:17.595] [warning] Couldn't find file 'hat_ribs_scap.vtp'.
[warning] Couldn't find file 'humerus_rv.vtp'.
[2026-09-15 12:52:17.595] [warning] Couldn't find file 'humerus_rv.vtp'.
[warning] Couldn't find file 'ulna_rv.vtp'.
[2026-09-15 12:52:17.595] [warning] Couldn't find file 'ulna_rv.vtp'.
[warning] Couldn't find file 'radius_rv.vtp'.
[2026-09-15 12:52:17.595] [warning] Couldn't find file 'radius_rv.vtp'.
[warning] Couldn't find file 'pisiform_rvs.vtp'.
[2026-09-15 12:52:17.595] [warning] Couldn't find file 'pisiform_rvs.vtp'.
[warning] Couldn't find file 'lunate_rvs.vtp'.
[2026-09-15 12:52:17.595] [warning] Couldn't find file 'lunate_rvs.vtp'.
[warning] Couldn't find file 'scaphoid_rvs.vtp'.
[2026-09-15 12:52:17.595] [warning] Couldn't find file 'scaphoid_rvs.vtp'.
[warning] Couldn't find file 'triquetrum_rvs.vtp'.
[2026-09-15 12:52:17.595] [warning] Couldn't find file 'triquetrum_rvs.vtp'.
[warning] Couldn't find file 'hamate_rvs.vtp'.
[2026-09-15 12:52:17.595] [warning] Couldn't find file 'hamate_rvs.vtp'.
[warning] Couldn't find file 'capitate_rvs.vtp'.
[2026-09-15 12:52:17.595] [warning] Couldn't find file 'capitate_rvs.vtp'.
[warning] Couldn't find file 'trapezoid_rvs.vtp'.
[2026-09-15 12:52:17.595] [warning] Couldn't find file 'trapezoid_rvs.vtp'.
[warning] Couldn't find file 'trapezium_rvs.vtp'.
[2026-09-15 12:52:17.595] [warning] Couldn't find file 'trapezium_rvs.vtp'.
[warning] Couldn't find file 'metacarpal2_rvs.vtp'.
[2026-09-15 12:52:17.596] [warning] Couldn't find file 'metacarpal2_rvs.vtp'.
[warning] Couldn't find file 'index_proximal_rvs.vtp'.
[2026-09-15 12:52:17.596] [warning] Couldn't find file 'index_proximal_rvs.vtp'.
[warning] Couldn't find file 'index_medial_rvs.vtp'.
[2026-09-15 12:52:17.596] [warning] Couldn't find file 'index_medial_rvs.vtp'.
[warning] Couldn't find file 'index_distal_rvs.vtp'.
[2026-09-15 12:52:17.596] [warning] Couldn't find file 'index_distal_rvs.vtp'.
[warning] Couldn't find file 'metacarpal3_rvs.vtp'.
[2026-09-15 12:52:17.596] [warning] Couldn't find file 'metacarpal3_rvs.vtp'.
[warning] Couldn't find file 'middle_proximal_rvs.vtp'.
[2026-09-15 12:52:17.596] [warning] Couldn't find file 'middle_proximal_rvs.vtp'.
[warning] Couldn't find file 'middle_medial_rvs.vtp'.
[2026-09-15 12:52:17.596] [warning] Couldn't find file 'middle_medial_rvs.vtp'.
[warning] Couldn't find file 'middle_distal_rvs.vtp'.
[2026-09-15 12:52:17.596] [warning] Couldn't find file 'middle_distal_rvs.vtp'.
[warning] Couldn't find file 'metacarpal4_rvs.vtp'.
[2026-09-15 12:52:17.596] [warning] Couldn't find file 'metacarpal4_rvs.vtp'.
[warning] Couldn't find file 'ring_proximal_rvs.vtp'.
[2026-09-15 12:52:17.596] [warning] Couldn't find file 'ring_proximal_rvs.vtp'.
[warning] Couldn't find file 'ring_medial_rvs.vtp'.
[2026-09-15 12:52:17.596] [warning] Couldn't find file 'ring_medial_rvs.vtp'.
[warning] Couldn't find file 'ring_distal_rvs.vtp'.
[2026-09-15 12:52:17.596] [warning] Couldn't find file 'ring_distal_rvs.vtp'.
[warning] Couldn't find file 'metacarpal5_rvs.vtp'.
[2026-09-15 12:52:17.596] [warning] Couldn't find file 'metacarpal5_rvs.vtp'.
[warning] Couldn't find file 'little_proximal_rvs.vtp'.
[2026-09-15 12:52:17.596] [warning] Couldn't find file 'little_proximal_rvs.vtp'.
[warning] Couldn't find file 'little_medial_rvs.vtp'.
[2026-09-15 12:52:17.596] [warning] Couldn't find file 'little_medial_rvs.vtp'.
[warning] Couldn't find file 'little_distal_rvs.vtp'.
[2026-09-15 12:52:17.596] [warning] Couldn't find file 'little_distal_rvs.vtp'.
[warning] Couldn't find file 'metacarpal1_rvs.vtp'.
[2026-09-15 12:52:17.596] [warning] Couldn't find file 'metacarpal1_rvs.vtp'.
[warning] Couldn't find file 'thumb_proximal_rvs.vtp'.
[2026-09-15 12:52:17.596] [warning] Couldn't find file 'thumb_proximal_rvs.vtp'.
[warning] Couldn't find file 'thumb_distal_rvs.vtp'.
[2026-09-15 12:52:17.596] [warning] Couldn't find file 'thumb_distal_rvs.vtp'.
[warning] Couldn't find file 'humerus_lv.vtp'.
[2026-09-15 12:52:17.596] [warning] Couldn't find file 'humerus_lv.vtp'.
[warning] Couldn't find file 'ulna_lv.vtp'.
[2026-09-15 12:52:17.596] [warning] Couldn't find file 'ulna_lv.vtp'.
[warning] Couldn't find file 'radius_lv.vtp'.
[2026-09-15 12:52:17.596] [warning] Couldn't find file 'radius_lv.vtp'.
[warning] Couldn't find file 'pisiform_lvs.vtp'.
[2026-09-15 12:52:17.596] [warning] Couldn't find file 'pisiform_lvs.vtp'.
[warning] Couldn't find file 'lunate_lvs.vtp'.
[2026-09-15 12:52:17.597] [warning] Couldn't find file 'lunate_lvs.vtp'.
[warning] Couldn't find file 'scaphoid_lvs.vtp'.
[2026-09-15 12:52:17.597] [warning] Couldn't find file 'scaphoid_lvs.vtp'.
[warning] Couldn't find file 'triquetrum_lvs.vtp'.
[2026-09-15 12:52:17.597] [warning] Couldn't find file 'triquetrum_lvs.vtp'.
[warning] Couldn't find file 'hamate_lvs.vtp'.
[2026-09-15 12:52:17.597] [warning] Couldn't find file 'hamate_lvs.vtp'.
[warning] Couldn't find file 'capitate_lvs.vtp'.
[2026-09-15 12:52:17.597] [warning] Couldn't find file 'capitate_lvs.vtp'.
[warning] Couldn't find file 'trapezoid_lvs.vtp'.
[2026-09-15 12:52:17.597] [warning] Couldn't find file 'trapezoid_lvs.vtp'.
[warning] Couldn't find file 'trapezium_lvs.vtp'.
[2026-09-15 12:52:17.597] [warning] Couldn't find file 'trapezium_lvs.vtp'.
[warning] Couldn't find file 'metacarpal2_lvs.vtp'.
[2026-09-15 12:52:17.597] [warning] Couldn't find file 'metacarpal2_lvs.vtp'.
[warning] Couldn't find file 'index_proximal_lvs.vtp'.
[2026-09-15 12:52:17.597] [warning] Couldn't find file 'index_proximal_lvs.vtp'.
[warning] Couldn't find file 'index_medial_lvs.vtp'.
[2026-09-15 12:52:17.597] [warning] Couldn't find file 'index_medial_lvs.vtp'.
[warning] Couldn't find file 'index_distal_lvs.vtp'.
[2026-09-15 12:52:17.597] [warning] Couldn't find file 'index_distal_lvs.vtp'.
[warning] Couldn't find file 'metacarpal3_lvs.vtp'.
[2026-09-15 12:52:17.597] [warning] Couldn't find file 'metacarpal3_lvs.vtp'.
[warning] Couldn't find file 'middle_proximal_lvs.vtp'.
[2026-09-15 12:52:17.597] [warning] Couldn't find file 'middle_proximal_lvs.vtp'.
[warning] Couldn't find file 'middle_medial_lvs.vtp'.
[2026-09-15 12:52:17.597] [warning] Couldn't find file 'middle_medial_lvs.vtp'.
[warning] Couldn't find file 'middle_distal_lvs.vtp'.
[2026-09-15 12:52:17.597] [warning] Couldn't find file 'middle_distal_lvs.vtp'.
[warning] Couldn't find file 'metacarpal4_lvs.vtp'.
[2026-09-15 12:52:17.597] [warning] Couldn't find file 'metacarpal4_lvs.vtp'.
[warning] Couldn't find file 'ring_proximal_lvs.vtp'.
[2026-09-15 12:52:17.597] [warning] Couldn't find file 'ring_proximal_lvs.vtp'.
[warning] Couldn't find file 'ring_medial_lvs.vtp'.
[2026-09-15 12:52:17.597] [warning] Couldn't find file 'ring_medial_lvs.vtp'.
[warning] Couldn't find file 'ring_distal_lvs.vtp'.
[2026-09-15 12:52:17.597] [warning] Couldn't find file 'ring_distal_lvs.vtp'.
[warning] Couldn't find file 'metacarpal5_lvs.vtp'.
[2026-09-15 12:52:17.597] [warning] Couldn't find file 'metacarpal5_lvs.vtp'.
[warning] Couldn't find file 'little_proximal_lvs.vtp'.
[2026-09-15 12:52:17.597] [warning] Couldn't find file 'little_proximal_lvs.vtp'.
[warning] Couldn't find file 'little_medial_lvs.vtp'.
[2026-09-15 12:52:17.597] [warning] Couldn't find file 'little_medial_lvs.vtp'.
[warning] Couldn't find file 'little_distal_lvs.vtp'.
[2026-09-15 12:52:17.597] [warning] Couldn't find file 'little_distal_lvs.vtp'.
[warning] Couldn't find file 'metacarpal1_lvs.vtp'.
[2026-09-15 12:52:17.597] [warning] Couldn't find file 'metacarpal1_lvs.vtp'.
[warning] Couldn't find file 'thumb_proximal_lvs.vtp'.
[2026-09-15 12:52:17.597] [warning] Couldn't find file 'thumb_proximal_lvs.vtp'.
[warning] Couldn't find file 'thumb_distal_lvs.vtp'.
[2026-09-15 12:52:17.597] [warning] Couldn't find file 'thumb_distal_lvs.vtp'.
[info] Loaded model RajagopalLaiUhlrich2023 from file C:\Users\lzoffoli\Technogym SPA\SCIENTIFIC RESEARCH - Documenti\github_repositories\ansur_user\assets\rajagopalaiulrich2023.osim
[2026-09-15 12:52:18.058] [info] Loaded model RajagopalLaiUhlrich2023 from file C:\Users\lzoffoli\Technogym SPA\SCIENTIFIC RESEARCH - Documenti\github_repositories\ansur_user\assets\rajagopalaiulrich2023.osim
[2026-09-15 12:53:10.664] [info] Loaded model RajagopalLaiUhlrich2023 from file C:\Users\lzoffoli\Technogym SPA\SCIENTIFIC RESEARCH - Documenti\github_repositories\ansur_user\assets\rajagopalaiulrich2023.osim
[2026-09-15 12:53:27.618] [info] Loaded model RajagopalLaiUhlrich2023 from file C:\Users\lzoffoli\Technogym SPA\SCIENTIFIC RESEARCH - Documenti\github_repositories\ansur_user\assets\rajagopalaiulrich2023.osim
[2026-09-15 12:53:28.737] [info] Loaded model RajagopalLaiUhlrich2023 from file C:\Users\lzoffoli\Technogym SPA\SCIENTIFIC RESEARCH - Documenti\github_repositories\ansur_user\assets\rajagopalaiulrich2023.osim
[2026-09-15 12:53:43.467] [info] Loaded model RajagopalLaiUhlrich2023 from file C:\Users\lzoffoli\Technogym SPA\SCIENTIFIC RESEARCH - Documenti\github_repositories\ansur_user\assets\rajagopalaiulrich2023.osim
[2026-09-15 12:53:59.283] [info] Loaded model RajagopalLaiUhlrich2023 from file C:\Users\lzoffoli\Technogym SPA\SCIENTIFIC RESEARCH - Documenti\github_repositories\ansur_user\assets\rajagopalaiulrich2023.osim
[2026-09-15 12:54:26.929] [info] Loaded model RajagopalLaiUhlrich2023 from file C:\Users\lzoffoli\Technogym SPA\SCIENTIFIC RESEARCH - Documenti\github_repositories\ansur_user\assets\rajagopalaiulrich2023.osim
[2026-09-15 12:54:28.122] [info] Loaded model RajagopalLaiUhlrich2023 from file C:\Users\lzoffoli\Technogym SPA\SCIENTIFIC RESEARCH - Documenti\github_repositories\ansur_user\assets\rajagopalaiulrich2023.osim
[2026-09-15 12:54:29.214] [info] Loaded model RajagopalLaiUhlrich2023 from file C:\Users\lzoffoli\Technogym SPA\SCIENTIFIC RESEARCH - Documenti\github_repositories\ansur_user\assets\rajagopalaiulrich2023.osim
[2026-09-15 12:54:30.344] [info] Loaded model RajagopalLaiUhlrich2023 from file C:\Users\lzoffoli\Technogym SPA\SCIENTIFIC RESEARCH - Documenti\github_repositories\ansur_user\assets\rajagopalaiulrich2023.osim
[2026-09-15 12:54:31.473] [info] Loaded model RajagopalLaiUhlrich2023 from file C:\Users\lzoffoli\Technogym SPA\SCIENTIFIC RESEARCH - Documenti\github_repositories\ansur_user\assets\rajagopalaiulrich2023.osim
[2026-09-15 12:54:32.611] [info] Loaded model RajagopalLaiUhlrich2023 from file C:\Users\lzoffoli\Technogym SPA\SCIENTIFIC RESEARCH - Documenti\github_repositories\ansur_user\assets\rajagopalaiulrich2023.osim
[2026-09-15 12:54:33.728] [info] Loaded model RajagopalLaiUhlrich2023 from file C:\Users\lzoffoli\Technogym SPA\SCIENTIFIC RESEARCH - Documenti\github_repositories\ansur_user\assets\rajagopalaiulrich2023.osim
[2026-09-15 12:54:34.854] [info] Loaded model RajagopalLaiUhlrich2023 from file C:\Users\lzoffoli\Technogym SPA\SCIENTIFIC RESEARCH - Documenti\github_repositories\ansur_user\assets\rajagopalaiulrich2023.osim
[2026-09-15 12:54:36.011] [info] Loaded model RajagopalLaiUhlrich2023 from file C:\Users\lzoffoli\Technogym SPA\SCIENTIFIC RESEARCH - Documenti\github_repositories\ansur_user\assets\rajagopalaiulrich2023.osim
[2026-09-15 12:54:37.161] [info] Loaded model RajagopalLaiUhlrich2023 from file C:\Users\lzoffoli\Technogym SPA\SCIENTIFIC RESEARCH - Documenti\github_repositories\ansur_user\assets\rajagopalaiulrich2023.osim
[2026-09-15 12:54:37.986] [info] Loaded model RajagopalLaiUhlrich2023 from file C:\Users\lzoffoli\AppData\Local\Temp\tmpklgvm2ig\exported.osim
[2026-09-15 12:54:37.987] [warning] Couldn't find file 'r_pelvis.vtp'.
[2026-09-15 12:54:37.987] [warning] Couldn't find file 'l_pelvis.vtp'.
[2026-09-15 12:54:37.987] [warning] Couldn't find file 'sacrum.vtp'.
[2026-09-15 12:54:37.988] [warning] Couldn't find file 'r_femur.vtp'.
[2026-09-15 12:54:37.988] [warning] Couldn't find file 'r_tibia.vtp'.
[2026-09-15 12:54:37.988] [warning] Couldn't find file 'r_fibula.vtp'.
[2026-09-15 12:54:37.988] [warning] Couldn't find file 'r_patella.vtp'.
[2026-09-15 12:54:37.988] [warning] Couldn't find file 'r_talus.vtp'.
[2026-09-15 12:54:37.988] [warning] Couldn't find file 'r_foot.vtp'.
[2026-09-15 12:54:37.988] [warning] Couldn't find file 'r_bofoot.vtp'.
[2026-09-15 12:54:37.988] [warning] Couldn't find file 'l_femur.vtp'.
[2026-09-15 12:54:37.988] [warning] Couldn't find file 'l_tibia.vtp'.
[2026-09-15 12:54:37.988] [warning] Couldn't find file 'l_fibula.vtp'.
[2026-09-15 12:54:37.989] [warning] Couldn't find file 'l_patella.vtp'.
[2026-09-15 12:54:37.989] [warning] Couldn't find file 'l_talus.vtp'.
[2026-09-15 12:54:37.989] [warning] Couldn't find file 'l_foot.vtp'.
[2026-09-15 12:54:37.989] [warning] Couldn't find file 'l_bofoot.vtp'.
[2026-09-15 12:54:37.989] [warning] Couldn't find file 'hat_spine.vtp'.
[2026-09-15 12:54:37.989] [warning] Couldn't find file 'hat_jaw.vtp'.
[2026-09-15 12:54:37.989] [warning] Couldn't find file 'hat_skull.vtp'.
[2026-09-15 12:54:37.989] [warning] Couldn't find file 'hat_ribs_scap.vtp'.
[2026-09-15 12:54:37.989] [warning] Couldn't find file 'humerus_rv.vtp'.
[2026-09-15 12:54:37.989] [warning] Couldn't find file 'ulna_rv.vtp'.
[2026-09-15 12:54:37.989] [warning] Couldn't find file 'radius_rv.vtp'.
[2026-09-15 12:54:37.989] [warning] Couldn't find file 'pisiform_rvs.vtp'.
[2026-09-15 12:54:37.989] [warning] Couldn't find file 'lunate_rvs.vtp'.
[2026-09-15 12:54:37.989] [warning] Couldn't find file 'scaphoid_rvs.vtp'.
[2026-09-15 12:54:37.989] [warning] Couldn't find file 'triquetrum_rvs.vtp'.
[2026-09-15 12:54:37.989] [warning] Couldn't find file 'hamate_rvs.vtp'.
[2026-09-15 12:54:37.989] [warning] Couldn't find file 'capitate_rvs.vtp'.
[2026-09-15 12:54:37.990] [warning] Couldn't find file 'trapezoid_rvs.vtp'.
[2026-09-15 12:54:37.990] [warning] Couldn't find file 'trapezium_rvs.vtp'.
[2026-09-15 12:54:37.990] [warning] Couldn't find file 'metacarpal2_rvs.vtp'.
[2026-09-15 12:54:37.990] [warning] Couldn't find file 'index_proximal_rvs.vtp'.
[2026-09-15 12:54:37.990] [warning] Couldn't find file 'index_medial_rvs.vtp'.
[2026-09-15 12:54:37.990] [warning] Couldn't find file 'index_distal_rvs.vtp'.
[2026-09-15 12:54:37.990] [warning] Couldn't find file 'metacarpal3_rvs.vtp'.
[2026-09-15 12:54:37.990] [warning] Couldn't find file 'middle_proximal_rvs.vtp'.
[2026-09-15 12:54:37.990] [warning] Couldn't find file 'middle_medial_rvs.vtp'.
[2026-09-15 12:54:37.990] [warning] Couldn't find file 'middle_distal_rvs.vtp'.
[2026-09-15 12:54:37.990] [warning] Couldn't find file 'metacarpal4_rvs.vtp'.
[2026-09-15 12:54:37.990] [warning] Couldn't find file 'ring_proximal_rvs.vtp'.
[2026-09-15 12:54:37.990] [warning] Couldn't find file 'ring_medial_rvs.vtp'.
[2026-09-15 12:54:37.990] [warning] Couldn't find file 'ring_distal_rvs.vtp'.
[2026-09-15 12:54:37.990] [warning] Couldn't find file 'metacarpal5_rvs.vtp'.
[2026-09-15 12:54:37.990] [warning] Couldn't find file 'little_proximal_rvs.vtp'.
[2026-09-15 12:54:37.990] [warning] Couldn't find file 'little_medial_rvs.vtp'.
[2026-09-15 12:54:37.990] [warning] Couldn't find file 'little_distal_rvs.vtp'.
[2026-09-15 12:54:37.990] [warning] Couldn't find file 'metacarpal1_rvs.vtp'.
[2026-09-15 12:54:37.990] [warning] Couldn't find file 'thumb_proximal_rvs.vtp'.
[2026-09-15 12:54:37.990] [warning] Couldn't find file 'thumb_distal_rvs.vtp'.
[2026-09-15 12:54:37.990] [warning] Couldn't find file 'humerus_lv.vtp'.
[2026-09-15 12:54:37.990] [warning] Couldn't find file 'ulna_lv.vtp'.
[2026-09-15 12:54:37.991] [warning] Couldn't find file 'radius_lv.vtp'.
[2026-09-15 12:54:37.991] [warning] Couldn't find file 'pisiform_lvs.vtp'.
[2026-09-15 12:54:37.991] [warning] Couldn't find file 'lunate_lvs.vtp'.
[2026-09-15 12:54:37.991] [warning] Couldn't find file 'scaphoid_lvs.vtp'.
[2026-09-15 12:54:37.991] [warning] Couldn't find file 'triquetrum_lvs.vtp'.
[2026-09-15 12:54:37.991] [warning] Couldn't find file 'hamate_lvs.vtp'.
[2026-09-15 12:54:37.991] [warning] Couldn't find file 'capitate_lvs.vtp'.
[2026-09-15 12:54:37.991] [warning] Couldn't find file 'trapezoid_lvs.vtp'.
[2026-09-15 12:54:37.991] [warning] Couldn't find file 'trapezium_lvs.vtp'.
[2026-09-15 12:54:37.991] [warning] Couldn't find file 'metacarpal2_lvs.vtp'.
[2026-09-15 12:54:37.991] [warning] Couldn't find file 'index_proximal_lvs.vtp'.
[2026-09-15 12:54:37.991] [warning] Couldn't find file 'index_medial_lvs.vtp'.
[2026-09-15 12:54:37.991] [warning] Couldn't find file 'index_distal_lvs.vtp'.
[2026-09-15 12:54:37.991] [warning] Couldn't find file 'metacarpal3_lvs.vtp'.
[2026-09-15 12:54:37.991] [warning] Couldn't find file 'middle_proximal_lvs.vtp'.
[2026-09-15 12:54:37.991] [warning] Couldn't find file 'middle_medial_lvs.vtp'.
[2026-09-15 12:54:37.991] [warning] Couldn't find file 'middle_distal_lvs.vtp'.
[2026-09-15 12:54:37.991] [warning] Couldn't find file 'metacarpal4_lvs.vtp'.
[2026-09-15 12:54:37.991] [warning] Couldn't find file 'ring_proximal_lvs.vtp'.
[2026-09-15 12:54:37.991] [warning] Couldn't find file 'ring_medial_lvs.vtp'.
[2026-09-15 12:54:37.991] [warning] Couldn't find file 'ring_distal_lvs.vtp'.
[2026-09-15 12:54:37.991] [warning] Couldn't find file 'metacarpal5_lvs.vtp'.
[2026-09-15 12:54:37.991] [warning] Couldn't find file 'little_proximal_lvs.vtp'.
[2026-09-15 12:54:37.991] [warning] Couldn't find file 'little_medial_lvs.vtp'.
[2026-09-15 12:54:37.992] [warning] Couldn't find file 'little_distal_lvs.vtp'.
[2026-09-15 12:54:37.992] [warning] Couldn't find file 'metacarpal1_lvs.vtp'.
[2026-09-15 12:54:37.992] [warning] Couldn't find file 'thumb_proximal_lvs.vtp'.
[2026-09-15 12:54:37.992] [warning] Couldn't find file 'thumb_distal_lvs.vtp'.
[2026-09-15 12:54:38.465] [info] Loaded model RajagopalLaiUhlrich2023 from file C:\Users\lzoffoli\Technogym SPA\SCIENTIFIC RESEARCH - Documenti\github_repositories\ansur_user\assets\rajagopalaiulrich2023.osim
[2026-09-15 13:24:53.692] [info] Loaded model RajagopalLaiUhlrich2023 from file c:\Users\lzoffoli\Technogym SPA\SCIENTIFIC RESEARCH - Documenti\github_repositories\opensim-user\assets\rajagopalaiulrich2023.osim
[2026-09-15 13:24:53.694] [warning] Couldn't find file 'r_pelvis.vtp'.
[2026-09-15 13:24:53.694] [warning] Couldn't find file 'l_pelvis.vtp'.
[2026-09-15 13:24:53.695] [warning] Couldn't find file 'sacrum.vtp'.
[2026-09-15 13:24:53.696] [warning] Couldn't find file 'r_femur.vtp'.
[2026-09-15 13:24:53.696] [warning] Couldn't find file 'r_tibia.vtp'.
[2026-09-15 13:24:53.697] [warning] Couldn't find file 'r_fibula.vtp'.
[2026-09-15 13:24:53.698] [warning] Couldn't find file 'r_patella.vtp'.
[2026-09-15 13:24:53.698] [warning] Couldn't find file 'r_talus.vtp'.
[2026-09-15 13:24:53.699] [warning] Couldn't find file 'r_foot.vtp'.
[2026-09-15 13:24:53.699] [warning] Couldn't find file 'r_bofoot.vtp'.
[2026-09-15 13:24:53.699] [warning] Couldn't find file 'l_femur.vtp'.
[2026-09-15 13:24:53.700] [warning] Couldn't find file 'l_tibia.vtp'.
[2026-09-15 13:24:53.700] [warning] Couldn't find file 'l_fibula.vtp'.
[2026-09-15 13:24:53.700] [warning] Couldn't find file 'l_patella.vtp'.
[2026-09-15 13:24:53.700] [warning] Couldn't find file 'l_talus.vtp'.
[2026-09-15 13:24:53.701] [warning] Couldn't find file 'l_foot.vtp'.
[2026-09-15 13:24:53.701] [warning] Couldn't find file 'l_bofoot.vtp'.
[2026-09-15 13:24:53.701] [warning] Couldn't find file 'hat_spine.vtp'.
[2026-09-15 13:24:53.701] [warning] Couldn't find file 'hat_jaw.vtp'.
[2026-09-15 13:24:53.701] [warning] Couldn't find file 'hat_skull.vtp'.
[2026-09-15 13:24:53.701] [warning] Couldn't find file 'hat_ribs_scap.vtp'.
[2026-09-15 13:24:53.702] [warning] Couldn't find file 'humerus_rv.vtp'.
[2026-09-15 13:24:53.702] [warning] Couldn't find file 'ulna_rv.vtp'.
[2026-09-15 13:24:53.702] [warning] Couldn't find file 'radius_rv.vtp'.
[2026-09-15 13:24:53.702] [warning] Couldn't find file 'pisiform_rvs.vtp'.
[2026-09-15 13:24:53.702] [warning] Couldn't find file 'lunate_rvs.vtp'.
[2026-09-15 13:24:53.702] [warning] Couldn't find file 'scaphoid_rvs.vtp'.
[2026-09-15 13:24:53.702] [warning] Couldn't find file 'triquetrum_rvs.vtp'.
[2026-09-15 13:24:53.702] [warning] Couldn't find file 'hamate_rvs.vtp'.
[2026-09-15 13:24:53.702] [warning] Couldn't find file 'capitate_rvs.vtp'.
[2026-09-15 13:24:53.702] [warning] Couldn't find file 'trapezoid_rvs.vtp'.
[2026-09-15 13:24:53.702] [warning] Couldn't find file 'trapezium_rvs.vtp'.
[2026-09-15 13:24:53.702] [warning] Couldn't find file 'metacarpal2_rvs.vtp'.
[2026-09-15 13:24:53.702] [warning] Couldn't find file 'index_proximal_rvs.vtp'.
[2026-09-15 13:24:53.702] [warning] Couldn't find file 'index_medial_rvs.vtp'.
[2026-09-15 13:24:53.703] [warning] Couldn't find file 'index_distal_rvs.vtp'.
[2026-09-15 13:24:53.703] [warning] Couldn't find file 'metacarpal3_rvs.vtp'.
[2026-09-15 13:24:53.703] [warning] Couldn't find file 'middle_proximal_rvs.vtp'.
[2026-09-15 13:24:53.703] [warning] Couldn't find file 'middle_medial_rvs.vtp'.
[2026-09-15 13:24:53.703] [warning] Couldn't find file 'middle_distal_rvs.vtp'.
[2026-09-15 13:24:53.703] [warning] Couldn't find file 'metacarpal4_rvs.vtp'.
[2026-09-15 13:24:53.703] [warning] Couldn't find file 'ring_proximal_rvs.vtp'.
[2026-09-15 13:24:53.703] [warning] Couldn't find file 'ring_medial_rvs.vtp'.
[2026-09-15 13:24:53.703] [warning] Couldn't find file 'ring_distal_rvs.vtp'.
[2026-09-15 13:24:53.703] [warning] Couldn't find file 'metacarpal5_rvs.vtp'.
[2026-09-15 13:24:53.703] [warning] Couldn't find file 'little_proximal_rvs.vtp'.
[2026-09-15 13:24:53.703] [warning] Couldn't find file 'little_medial_rvs.vtp'.
[2026-09-15 13:24:53.703] [warning] Couldn't find file 'little_distal_rvs.vtp'.
[2026-09-15 13:24:53.703] [warning] Couldn't find file 'metacarpal1_rvs.vtp'.
[2026-09-15 13:24:53.703] [warning] Couldn't find file 'thumb_proximal_rvs.vtp'.
[2026-09-15 13:24:53.704] [warning] Couldn't find file 'thumb_distal_rvs.vtp'.
[2026-09-15 13:24:53.704] [warning] Couldn't find file 'humerus_lv.vtp'.
[2026-09-15 13:24:53.704] [warning] Couldn't find file 'ulna_lv.vtp'.
[2026-09-15 13:24:53.704] [warning] Couldn't find file 'radius_lv.vtp'.
[2026-09-15 13:24:53.704] [warning] Couldn't find file 'pisiform_lvs.vtp'.
[2026-09-15 13:24:53.704] [warning] Couldn't find file 'lunate_lvs.vtp'.
[2026-09-15 13:24:53.704] [warning] Couldn't find file 'scaphoid_lvs.vtp'.
[2026-09-15 13:24:53.704] [warning] Couldn't find file 'triquetrum_lvs.vtp'.
[2026-09-15 13:24:53.704] [warning] Couldn't find file 'hamate_lvs.vtp'.
[2026-09-15 13:24:53.704] [warning] Couldn't find file 'capitate_lvs.vtp'.
[2026-09-15 13:24:53.704] [warning] Couldn't find file 'trapezoid_lvs.vtp'.
[2026-09-15 13:24:53.704] [warning] Couldn't find file 'trapezium_lvs.vtp'.
[2026-09-15 13:24:53.704] [warning] Couldn't find file 'metacarpal2_lvs.vtp'.
[2026-09-15 13:24:53.704] [warning] Couldn't find file 'index_proximal_lvs.vtp'.
[2026-09-15 13:24:53.704] [warning] Couldn't find file 'index_medial_lvs.vtp'.
[2026-09-15 13:24:53.704] [warning] Couldn't find file 'index_distal_lvs.vtp'.
[2026-09-15 13:24:53.704] [warning] Couldn't find file 'metacarpal3_lvs.vtp'.
[2026-09-15 13:24:53.704] [warning] Couldn't find file 'middle_proximal_lvs.vtp'.
[2026-09-15 13:24:53.704] [warning] Couldn't find file 'middle_medial_lvs.vtp'.
[2026-09-15 13:24:53.705] [warning] Couldn't find file 'middle_distal_lvs.vtp'.
[2026-09-15 13:24:53.705] [warning] Couldn't find file 'metacarpal4_lvs.vtp'.
[2026-09-15 13:24:53.705] [warning] Couldn't find file 'ring_proximal_lvs.vtp'.
[2026-09-15 13:24:53.705] [warning] Couldn't find file 'ring_medial_lvs.vtp'.
[2026-09-15 13:24:53.705] [warning] Couldn't find file 'ring_distal_lvs.vtp'.
[2026-09-15 13:24:53.705] [warning] Couldn't find file 'metacarpal5_lvs.vtp'.
[2026-09-15 13:24:53.705] [warning] Couldn't find file 'little_proximal_lvs.vtp'.
[2026-09-15 13:24:53.705] [warning] Couldn't find file 'little_medial_lvs.vtp'.
[2026-09-15 13:24:53.705] [warning] Couldn't find file 'little_distal_lvs.vtp'.
[2026-09-15 13:24:53.705] [warning] Couldn't find file 'metacarpal1_lvs.vtp'.
[2026-09-15 13:24:53.705] [warning] Couldn't find file 'thumb_proximal_lvs.vtp'.
[2026-09-15 13:24:53.705] [warning] Couldn't find file 'thumb_distal_lvs.vtp'.
[2026-09-15 13:24:54.648] [info] Loaded model RajagopalLaiUhlrich2023 from file c:\Users\lzoffoli\Technogym SPA\SCIENTIFIC RESEARCH - Documenti\github_repositories\opensim-user\assets\rajagopalaiulrich2023.osim
[2026-09-15 13:24:54.650] [warning] Couldn't find file 'r_pelvis.vtp'.
[2026-09-15 13:24:54.650] [warning] Couldn't find file 'l_pelvis.vtp'.
[2026-09-15 13:24:54.650] [warning] Couldn't find file 'sacrum.vtp'.
[2026-09-15 13:24:54.650] [warning] Couldn't find file 'r_femur.vtp'.
[2026-09-15 13:24:54.651] [warning] Couldn't find file 'r_tibia.vtp'.
[2026-09-15 13:24:54.651] [warning] Couldn't find file 'r_fibula.vtp'.
[2026-09-15 13:24:54.651] [warning] Couldn't find file 'r_patella.vtp'.
[2026-09-15 13:24:54.651] [warning] Couldn't find file 'r_talus.vtp'.
[2026-09-15 13:24:54.651] [warning] Couldn't find file 'r_foot.vtp'.
[2026-09-15 13:24:54.651] [warning] Couldn't find file 'r_bofoot.vtp'.
[2026-09-15 13:24:54.651] [warning] Couldn't find file 'l_femur.vtp'.
[2026-09-15 13:24:54.651] [warning] Couldn't find file 'l_tibia.vtp'.
[2026-09-15 13:24:54.652] [warning] Couldn't find file 'l_fibula.vtp'.
[2026-09-15 13:24:54.652] [warning] Couldn't find file 'l_patella.vtp'.
[2026-09-15 13:24:54.652] [warning] Couldn't find file 'l_talus.vtp'.
[2026-09-15 13:24:54.652] [warning] Couldn't find file 'l_foot.vtp'.
[2026-09-15 13:24:54.652] [warning] Couldn't find file 'l_bofoot.vtp'.
[2026-09-15 13:24:54.652] [warning] Couldn't find file 'hat_spine.vtp'.
[2026-09-15 13:24:54.652] [warning] Couldn't find file 'hat_jaw.vtp'.
[2026-09-15 13:24:54.652] [warning] Couldn't find file 'hat_skull.vtp'.
[2026-09-15 13:24:54.652] [warning] Couldn't find file 'hat_ribs_scap.vtp'.
[2026-09-15 13:24:54.652] [warning] Couldn't find file 'humerus_rv.vtp'.
[2026-09-15 13:24:54.652] [warning] Couldn't find file 'ulna_rv.vtp'.
[2026-09-15 13:24:54.653] [warning] Couldn't find file 'radius_rv.vtp'.
[2026-09-15 13:24:54.653] [warning] Couldn't find file 'pisiform_rvs.vtp'.
[2026-09-15 13:24:54.653] [warning] Couldn't find file 'lunate_rvs.vtp'.
[2026-09-15 13:24:54.653] [warning] Couldn't find file 'scaphoid_rvs.vtp'.
[2026-09-15 13:24:54.653] [warning] Couldn't find file 'triquetrum_rvs.vtp'.
[2026-09-15 13:24:54.653] [warning] Couldn't find file 'hamate_rvs.vtp'.
[2026-09-15 13:24:54.653] [warning] Couldn't find file 'capitate_rvs.vtp'.
[2026-09-15 13:24:54.653] [warning] Couldn't find file 'trapezoid_rvs.vtp'.
[2026-09-15 13:24:54.653] [warning] Couldn't find file 'trapezium_rvs.vtp'.
[2026-09-15 13:24:54.653] [warning] Couldn't find file 'metacarpal2_rvs.vtp'.
[2026-09-15 13:24:54.653] [warning] Couldn't find file 'index_proximal_rvs.vtp'.
[2026-09-15 13:24:54.653] [warning] Couldn't find file 'index_medial_rvs.vtp'.
[2026-09-15 13:24:54.653] [warning] Couldn't find file 'index_distal_rvs.vtp'.
[2026-09-15 13:24:54.653] [warning] Couldn't find file 'metacarpal3_rvs.vtp'.
[2026-09-15 13:24:54.653] [warning] Couldn't find file 'middle_proximal_rvs.vtp'.
[2026-09-15 13:24:54.653] [warning] Couldn't find file 'middle_medial_rvs.vtp'.
[2026-09-15 13:24:54.653] [warning] Couldn't find file 'middle_distal_rvs.vtp'.
[2026-09-15 13:24:54.653] [warning] Couldn't find file 'metacarpal4_rvs.vtp'.
[2026-09-15 13:24:54.653] [warning] Couldn't find file 'ring_proximal_rvs.vtp'.
[2026-09-15 13:24:54.653] [warning] Couldn't find file 'ring_medial_rvs.vtp'.
[2026-09-15 13:24:54.653] [warning] Couldn't find file 'ring_distal_rvs.vtp'.
[2026-09-15 13:24:54.654] [warning] Couldn't find file 'metacarpal5_rvs.vtp'.
[2026-09-15 13:24:54.654] [warning] Couldn't find file 'little_proximal_rvs.vtp'.
[2026-09-15 13:24:54.654] [warning] Couldn't find file 'little_medial_rvs.vtp'.
[2026-09-15 13:24:54.654] [warning] Couldn't find file 'little_distal_rvs.vtp'.
[2026-09-15 13:24:54.654] [warning] Couldn't find file 'metacarpal1_rvs.vtp'.
[2026-09-15 13:24:54.654] [warning] Couldn't find file 'thumb_proximal_rvs.vtp'.
[2026-09-15 13:24:54.654] [warning] Couldn't find file 'thumb_distal_rvs.vtp'.
[2026-09-15 13:24:54.654] [warning] Couldn't find file 'humerus_lv.vtp'.
[2026-09-15 13:24:54.654] [warning] Couldn't find file 'ulna_lv.vtp'.
[2026-09-15 13:24:54.654] [warning] Couldn't find file 'radius_lv.vtp'.
[2026-09-15 13:24:54.654] [warning] Couldn't find file 'pisiform_lvs.vtp'.
[2026-09-15 13:24:54.654] [warning] Couldn't find file 'lunate_lvs.vtp'.
[2026-09-15 13:24:54.654] [warning] Couldn't find file 'scaphoid_lvs.vtp'.
[2026-09-15 13:24:54.654] [warning] Couldn't find file 'triquetrum_lvs.vtp'.
[2026-09-15 13:24:54.654] [warning] Couldn't find file 'hamate_lvs.vtp'.
[2026-09-15 13:24:54.654] [warning] Couldn't find file 'capitate_lvs.vtp'.
[2026-09-15 13:24:54.654] [warning] Couldn't find file 'trapezoid_lvs.vtp'.
[2026-09-15 13:24:54.655] [warning] Couldn't find file 'trapezium_lvs.vtp'.
[2026-09-15 13:24:54.655] [warning] Couldn't find file 'metacarpal2_lvs.vtp'.
[2026-09-15 13:24:54.655] [warning] Couldn't find file 'index_proximal_lvs.vtp'.
[2026-09-15 13:24:54.655] [warning] Couldn't find file 'index_medial_lvs.vtp'.
[2026-09-15 13:24:54.655] [warning] Couldn't find file 'index_distal_lvs.vtp'.
[2026-09-15 13:24:54.655] [warning] Couldn't find file 'metacarpal3_lvs.vtp'.
[2026-09-15 13:24:54.655] [warning] Couldn't find file 'middle_proximal_lvs.vtp'.
[2026-09-15 13:24:54.655] [warning] Couldn't find file 'middle_medial_lvs.vtp'.
[2026-09-15 13:24:54.655] [warning] Couldn't find file 'middle_distal_lvs.vtp'.
[2026-09-15 13:24:54.655] [warning] Couldn't find file 'metacarpal4_lvs.vtp'.
[2026-09-15 13:24:54.655] [warning] Couldn't find file 'ring_proximal_lvs.vtp'.
[2026-09-15 13:24:54.655] [warning] Couldn't find file 'ring_medial_lvs.vtp'.
[2026-09-15 13:24:54.655] [warning] Couldn't find file 'ring_distal_lvs.vtp'.
[2026-09-15 13:24:54.655] [warning] Couldn't find file 'metacarpal5_lvs.vtp'.
[2026-09-15 13:24:54.655] [warning] Couldn't find file 'little_proximal_lvs.vtp'.
[2026-09-15 13:24:54.655] [warning] Couldn't find file 'little_medial_lvs.vtp'.
[2026-09-15 13:24:54.655] [warning] Couldn't find file 'little_distal_lvs.vtp'.
[2026-09-15 13:24:54.655] [warning] Couldn't find file 'metacarpal1_lvs.vtp'.
[2026-09-15 13:24:54.655] [warning] Couldn't find file 'thumb_proximal_lvs.vtp'.
[2026-09-15 13:24:54.655] [warning] Couldn't find file 'thumb_distal_lvs.vtp'.
[2026-09-15 13:24:55.613] [info] Loaded model RajagopalLaiUhlrich2023 from file c:\Users\lzoffoli\Technogym SPA\SCIENTIFIC RESEARCH - Documenti\github_repositories\opensim-user\assets\rajagopalaiulrich2023.osim
[2026-09-15 13:24:55.615] [warning] Couldn't find file 'r_pelvis.vtp'.
[2026-09-15 13:24:55.616] [warning] Couldn't find file 'l_pelvis.vtp'.
[2026-09-15 13:24:55.617] [warning] Couldn't find file 'sacrum.vtp'.
[2026-09-15 13:24:55.617] [warning] Couldn't find file 'r_femur.vtp'.
[2026-09-15 13:24:55.617] [warning] Couldn't find file 'r_tibia.vtp'.
[2026-09-15 13:24:55.617] [warning] Couldn't find file 'r_fibula.vtp'.
[2026-09-15 13:24:55.617] [warning] Couldn't find file 'r_patella.vtp'.
[2026-09-15 13:24:55.618] [warning] Couldn't find file 'r_talus.vtp'.
[2026-09-15 13:24:55.619] [warning] Couldn't find file 'r_foot.vtp'.
[2026-09-15 13:24:55.619] [warning] Couldn't find file 'r_bofoot.vtp'.
[2026-09-15 13:24:55.619] [warning] Couldn't find file 'l_femur.vtp'.
[2026-09-15 13:24:55.620] [warning] Couldn't find file 'l_tibia.vtp'.
[2026-09-15 13:24:55.620] [warning] Couldn't find file 'l_fibula.vtp'.
[2026-09-15 13:24:55.620] [warning] Couldn't find file 'l_patella.vtp'.
[2026-09-15 13:24:55.620] [warning] Couldn't find file 'l_talus.vtp'.
[2026-09-15 13:24:55.620] [warning] Couldn't find file 'l_foot.vtp'.
[2026-09-15 13:24:55.620] [warning] Couldn't find file 'l_bofoot.vtp'.
[2026-09-15 13:24:55.620] [warning] Couldn't find file 'hat_spine.vtp'.
[2026-09-15 13:24:55.620] [warning] Couldn't find file 'hat_jaw.vtp'.
[2026-09-15 13:24:55.620] [warning] Couldn't find file 'hat_skull.vtp'.
[2026-09-15 13:24:55.620] [warning] Couldn't find file 'hat_ribs_scap.vtp'.
[2026-09-15 13:24:55.620] [warning] Couldn't find file 'humerus_rv.vtp'.
[2026-09-15 13:24:55.621] [warning] Couldn't find file 'ulna_rv.vtp'.
[2026-09-15 13:24:55.621] [warning] Couldn't find file 'radius_rv.vtp'.
[2026-09-15 13:24:55.621] [warning] Couldn't find file 'pisiform_rvs.vtp'.
[2026-09-15 13:24:55.621] [warning] Couldn't find file 'lunate_rvs.vtp'.
[2026-09-15 13:24:55.621] [warning] Couldn't find file 'scaphoid_rvs.vtp'.
[2026-09-15 13:24:55.621] [warning] Couldn't find file 'triquetrum_rvs.vtp'.
[2026-09-15 13:24:55.621] [warning] Couldn't find file 'hamate_rvs.vtp'.
[2026-09-15 13:24:55.621] [warning] Couldn't find file 'capitate_rvs.vtp'.
[2026-09-15 13:24:55.621] [warning] Couldn't find file 'trapezoid_rvs.vtp'.
[2026-09-15 13:24:55.621] [warning] Couldn't find file 'trapezium_rvs.vtp'.
[2026-09-15 13:24:55.621] [warning] Couldn't find file 'metacarpal2_rvs.vtp'.
[2026-09-15 13:24:55.621] [warning] Couldn't find file 'index_proximal_rvs.vtp'.
[2026-09-15 13:24:55.621] [warning] Couldn't find file 'index_medial_rvs.vtp'.
[2026-09-15 13:24:55.621] [warning] Couldn't find file 'index_distal_rvs.vtp'.
[2026-09-15 13:24:55.621] [warning] Couldn't find file 'metacarpal3_rvs.vtp'.
[2026-09-15 13:24:55.621] [warning] Couldn't find file 'middle_proximal_rvs.vtp'.
[2026-09-15 13:24:55.621] [warning] Couldn't find file 'middle_medial_rvs.vtp'.
[2026-09-15 13:24:55.621] [warning] Couldn't find file 'middle_distal_rvs.vtp'.
[2026-09-15 13:24:55.621] [warning] Couldn't find file 'metacarpal4_rvs.vtp'.
[2026-09-15 13:24:55.621] [warning] Couldn't find file 'ring_proximal_rvs.vtp'.
[2026-09-15 13:24:55.621] [warning] Couldn't find file 'ring_medial_rvs.vtp'.
[2026-09-15 13:24:55.621] [warning] Couldn't find file 'ring_distal_rvs.vtp'.
[2026-09-15 13:24:55.622] [warning] Couldn't find file 'metacarpal5_rvs.vtp'.
[2026-09-15 13:24:55.622] [warning] Couldn't find file 'little_proximal_rvs.vtp'.
[2026-09-15 13:24:55.622] [warning] Couldn't find file 'little_medial_rvs.vtp'.
[2026-09-15 13:24:55.622] [warning] Couldn't find file 'little_distal_rvs.vtp'.
[2026-09-15 13:24:55.622] [warning] Couldn't find file 'metacarpal1_rvs.vtp'.
[2026-09-15 13:24:55.622] [warning] Couldn't find file 'thumb_proximal_rvs.vtp'.
[2026-09-15 13:24:55.622] [warning] Couldn't find file 'thumb_distal_rvs.vtp'.
[2026-09-15 13:24:55.622] [warning] Couldn't find file 'humerus_lv.vtp'.
[2026-09-15 13:24:55.622] [warning] Couldn't find file 'ulna_lv.vtp'.
[2026-09-15 13:24:55.622] [warning] Couldn't find file 'radius_lv.vtp'.
[2026-09-15 13:24:55.622] [warning] Couldn't find file 'pisiform_lvs.vtp'.
[2026-09-15 13:24:55.622] [warning] Couldn't find file 'lunate_lvs.vtp'.
[2026-09-15 13:24:55.622] [warning] Couldn't find file 'scaphoid_lvs.vtp'.
[2026-09-15 13:24:55.622] [warning] Couldn't find file 'triquetrum_lvs.vtp'.
[2026-09-15 13:24:55.622] [warning] Couldn't find file 'hamate_lvs.vtp'.
[2026-09-15 13:24:55.622] [warning] Couldn't find file 'capitate_lvs.vtp'.
[2026-09-15 13:24:55.622] [warning] Couldn't find file 'trapezoid_lvs.vtp'.
[2026-09-15 13:24:55.622] [warning] Couldn't find file 'trapezium_lvs.vtp'.
[2026-09-15 13:24:55.622] [warning] Couldn't find file 'metacarpal2_lvs.vtp'.
[2026-09-15 13:24:55.622] [warning] Couldn't find file 'index_proximal_lvs.vtp'.
[2026-09-15 13:24:55.622] [warning] Couldn't find file 'index_medial_lvs.vtp'.
[2026-09-15 13:24:55.623] [warning] Couldn't find file 'index_distal_lvs.vtp'.
[2026-09-15 13:24:55.623] [warning] Couldn't find file 'metacarpal3_lvs.vtp'.
[2026-09-15 13:24:55.623] [warning] Couldn't find file 'middle_proximal_lvs.vtp'.
[2026-09-15 13:24:55.623] [warning] Couldn't find file 'middle_medial_lvs.vtp'.
[2026-09-15 13:24:55.623] [warning] Couldn't find file 'middle_distal_lvs.vtp'.
[2026-09-15 13:24:55.623] [warning] Couldn't find file 'metacarpal4_lvs.vtp'.
[2026-09-15 13:24:55.623] [warning] Couldn't find file 'ring_proximal_lvs.vtp'.
[2026-09-15 13:24:55.623] [warning] Couldn't find file 'ring_medial_lvs.vtp'.
[2026-09-15 13:24:55.623] [warning] Couldn't find file 'ring_distal_lvs.vtp'.
[2026-09-15 13:24:55.623] [warning] Couldn't find file 'metacarpal5_lvs.vtp'.
[2026-09-15 13:24:55.623] [warning] Couldn't find file 'little_proximal_lvs.vtp'.
[2026-09-15 13:24:55.623] [warning] Couldn't find file 'little_medial_lvs.vtp'.
[2026-09-15 13:24:55.623] [warning] Couldn't find file 'little_distal_lvs.vtp'.
[2026-09-15 13:24:55.623] [warning] Couldn't find file 'metacarpal1_lvs.vtp'.
[2026-09-15 13:24:55.623] [warning] Couldn't find file 'thumb_proximal_lvs.vtp'.
[2026-09-15 13:24:55.623] [warning] Couldn't find file 'thumb_distal_lvs.vtp'.
[2026-09-15 13:24:56.508] [info] Loaded model RajagopalLaiUhlrich2023 from file c:\Users\lzoffoli\Technogym SPA\SCIENTIFIC RESEARCH - Documenti\github_repositories\opensim-user\assets\rajagopalaiulrich2023.osim
[2026-09-15 13:24:56.509] [warning] Couldn't find file 'r_pelvis.vtp'.
[2026-09-15 13:24:56.509] [warning] Couldn't find file 'l_pelvis.vtp'.
[2026-09-15 13:24:56.509] [warning] Couldn't find file 'sacrum.vtp'.
[2026-09-15 13:24:56.509] [warning] Couldn't find file 'r_femur.vtp'.
[2026-09-15 13:24:56.510] [warning] Couldn't find file 'r_tibia.vtp'.
[2026-09-15 13:24:56.510] [warning] Couldn't find file 'r_fibula.vtp'.
[2026-09-15 13:24:56.510] [warning] Couldn't find file 'r_patella.vtp'.
[2026-09-15 13:24:56.510] [warning] Couldn't find file 'r_talus.vtp'.
[2026-09-15 13:24:56.510] [warning] Couldn't find file 'r_foot.vtp'.
[2026-09-15 13:24:56.510] [warning] Couldn't find file 'r_bofoot.vtp'.
[2026-09-15 13:24:56.510] [warning] Couldn't find file 'l_femur.vtp'.
[2026-09-15 13:24:56.510] [warning] Couldn't find file 'l_tibia.vtp'.
[2026-09-15 13:24:56.511] [warning] Couldn't find file 'l_fibula.vtp'.
[2026-09-15 13:24:56.511] [warning] Couldn't find file 'l_patella.vtp'.
[2026-09-15 13:24:56.511] [warning] Couldn't find file 'l_talus.vtp'.
[2026-09-15 13:24:56.511] [warning] Couldn't find file 'l_foot.vtp'.
[2026-09-15 13:24:56.511] [warning] Couldn't find file 'l_bofoot.vtp'.
[2026-09-15 13:24:56.511] [warning] Couldn't find file 'hat_spine.vtp'.
[2026-09-15 13:24:56.511] [warning] Couldn't find file 'hat_jaw.vtp'.
[2026-09-15 13:24:56.511] [warning] Couldn't find file 'hat_skull.vtp'.
[2026-09-15 13:24:56.511] [warning] Couldn't find file 'hat_ribs_scap.vtp'.
[2026-09-15 13:24:56.511] [warning] Couldn't find file 'humerus_rv.vtp'.
[2026-09-15 13:24:56.512] [warning] Couldn't find file 'ulna_rv.vtp'.
[2026-09-15 13:24:56.512] [warning] Couldn't find file 'radius_rv.vtp'.
[2026-09-15 13:24:56.512] [warning] Couldn't find file 'pisiform_rvs.vtp'.
[2026-09-15 13:24:56.512] [warning] Couldn't find file 'lunate_rvs.vtp'.
[2026-09-15 13:24:56.512] [warning] Couldn't find file 'scaphoid_rvs.vtp'.
[2026-09-15 13:24:56.512] [warning] Couldn't find file 'triquetrum_rvs.vtp'.
[2026-09-15 13:24:56.512] [warning] Couldn't find file 'hamate_rvs.vtp'.
[2026-09-15 13:24:56.512] [warning] Couldn't find file 'capitate_rvs.vtp'.
[2026-09-15 13:24:56.512] [warning] Couldn't find file 'trapezoid_rvs.vtp'.
[2026-09-15 13:24:56.512] [warning] Couldn't find file 'trapezium_rvs.vtp'.
[2026-09-15 13:24:56.512] [warning] Couldn't find file 'metacarpal2_rvs.vtp'.
[2026-09-15 13:24:56.512] [warning] Couldn't find file 'index_proximal_rvs.vtp'.
[2026-09-15 13:24:56.512] [warning] Couldn't find file 'index_medial_rvs.vtp'.
[2026-09-15 13:24:56.512] [warning] Couldn't find file 'index_distal_rvs.vtp'.
[2026-09-15 13:24:56.512] [warning] Couldn't find file 'metacarpal3_rvs.vtp'.
[2026-09-15 13:24:56.513] [warning] Couldn't find file 'middle_proximal_rvs.vtp'.
[2026-09-15 13:24:56.513] [warning] Couldn't find file 'middle_medial_rvs.vtp'.
[2026-09-15 13:24:56.513] [warning] Couldn't find file 'middle_distal_rvs.vtp'.
[2026-09-15 13:24:56.513] [warning] Couldn't find file 'metacarpal4_rvs.vtp'.
[2026-09-15 13:24:56.513] [warning] Couldn't find file 'ring_proximal_rvs.vtp'.
[2026-09-15 13:24:56.513] [warning] Couldn't find file 'ring_medial_rvs.vtp'.
[2026-09-15 13:24:56.513] [warning] Couldn't find file 'ring_distal_rvs.vtp'.
[2026-09-15 13:24:56.513] [warning] Couldn't find file 'metacarpal5_rvs.vtp'.
[2026-09-15 13:24:56.513] [warning] Couldn't find file 'little_proximal_rvs.vtp'.
[2026-09-15 13:24:56.513] [warning] Couldn't find file 'little_medial_rvs.vtp'.
[2026-09-15 13:24:56.513] [warning] Couldn't find file 'little_distal_rvs.vtp'.
[2026-09-15 13:24:56.513] [warning] Couldn't find file 'metacarpal1_rvs.vtp'.
[2026-09-15 13:24:56.513] [warning] Couldn't find file 'thumb_proximal_rvs.vtp'.
[2026-09-15 13:24:56.513] [warning] Couldn't find file 'thumb_distal_rvs.vtp'.
[2026-09-15 13:24:56.513] [warning] Couldn't find file 'humerus_lv.vtp'.
[2026-09-15 13:24:56.514] [warning] Couldn't find file 'ulna_lv.vtp'.
[2026-09-15 13:24:56.514] [warning] Couldn't find file 'radius_lv.vtp'.
[2026-09-15 13:24:56.515] [warning] Couldn't find file 'pisiform_lvs.vtp'.
[2026-09-15 13:24:56.515] [warning] Couldn't find file 'lunate_lvs.vtp'.
[2026-09-15 13:24:56.515] [warning] Couldn't find file 'scaphoid_lvs.vtp'.
[2026-09-15 13:24:56.515] [warning] Couldn't find file 'triquetrum_lvs.vtp'.
[2026-09-15 13:24:56.515] [warning] Couldn't find file 'hamate_lvs.vtp'.
[2026-09-15 13:24:56.515] [warning] Couldn't find file 'capitate_lvs.vtp'.
[2026-09-15 13:24:56.515] [warning] Couldn't find file 'trapezoid_lvs.vtp'.
[2026-09-15 13:24:56.515] [warning] Couldn't find file 'trapezium_lvs.vtp'.
[2026-09-15 13:24:56.515] [warning] Couldn't find file 'metacarpal2_lvs.vtp'.
[2026-09-15 13:24:56.515] [warning] Couldn't find file 'index_proximal_lvs.vtp'.
[2026-09-15 13:24:56.515] [warning] Couldn't find file 'index_medial_lvs.vtp'.
[2026-09-15 13:24:56.515] [warning] Couldn't find file 'index_distal_lvs.vtp'.
[2026-09-15 13:24:56.515] [warning] Couldn't find file 'metacarpal3_lvs.vtp'.
[2026-09-15 13:24:56.515] [warning] Couldn't find file 'middle_proximal_lvs.vtp'.
[2026-09-15 13:24:56.515] [warning] Couldn't find file 'middle_medial_lvs.vtp'.
[2026-09-15 13:24:56.515] [warning] Couldn't find file 'middle_distal_lvs.vtp'.
[2026-09-15 13:24:56.515] [warning] Couldn't find file 'metacarpal4_lvs.vtp'.
[2026-09-15 13:24:56.516] [warning] Couldn't find file 'ring_proximal_lvs.vtp'.
[2026-09-15 13:24:56.516] [warning] Couldn't find file 'ring_medial_lvs.vtp'.
[2026-09-15 13:24:56.516] [warning] Couldn't find file 'ring_distal_lvs.vtp'.
[2026-09-15 13:24:56.516] [warning] Couldn't find file 'metacarpal5_lvs.vtp'.
[2026-09-15 13:24:56.516] [warning] Couldn't find file 'little_proximal_lvs.vtp'.
[2026-09-15 13:24:56.516] [warning] Couldn't find file 'little_medial_lvs.vtp'.
[2026-09-15 13:24:56.516] [warning] Couldn't find file 'little_distal_lvs.vtp'.
[2026-09-15 13:24:56.516] [warning] Couldn't find file 'metacarpal1_lvs.vtp'.
[2026-09-15 13:24:56.516] [warning] Couldn't find file 'thumb_proximal_lvs.vtp'.
[2026-09-15 13:24:56.516] [warning] Couldn't find file 'thumb_distal_lvs.vtp'.
[2026-09-15 13:24:57.406] [info] Loaded model RajagopalLaiUhlrich2023 from file c:\Users\lzoffoli\Technogym SPA\SCIENTIFIC RESEARCH - Documenti\github_repositories\opensim-user\assets\rajagopalaiulrich2023.osim
[2026-09-15 13:24:57.407] [warning] Couldn't find file 'r_pelvis.vtp'.
[2026-09-15 13:24:57.407] [warning] Couldn't find file 'l_pelvis.vtp'.
[2026-09-15 13:24:57.407] [warning] Couldn't find file 'sacrum.vtp'.
[2026-09-15 13:24:57.407] [warning] Couldn't find file 'r_femur.vtp'.
[2026-09-15 13:24:57.407] [warning] Couldn't find file 'r_tibia.vtp'.
[2026-09-15 13:24:57.408] [warning] Couldn't find file 'r_fibula.vtp'.
[2026-09-15 13:24:57.408] [warning] Couldn't find file 'r_patella.vtp'.
[2026-09-15 13:24:57.408] [warning] Couldn't find file 'r_talus.vtp'.
[2026-09-15 13:24:57.408] [warning] Couldn't find file 'r_foot.vtp'.
[2026-09-15 13:24:57.408] [warning] Couldn't find file 'r_bofoot.vtp'.
[2026-09-15 13:24:57.408] [warning] Couldn't find file 'l_femur.vtp'.
[2026-09-15 13:24:57.408] [warning] Couldn't find file 'l_tibia.vtp'.
[2026-09-15 13:24:57.408] [warning] Couldn't find file 'l_fibula.vtp'.
[2026-09-15 13:24:57.408] [warning] Couldn't find file 'l_patella.vtp'.
[2026-09-15 13:24:57.409] [warning] Couldn't find file 'l_talus.vtp'.
[2026-09-15 13:24:57.409] [warning] Couldn't find file 'l_foot.vtp'.
[2026-09-15 13:24:57.409] [warning] Couldn't find file 'l_bofoot.vtp'.
[2026-09-15 13:24:57.409] [warning] Couldn't find file 'hat_spine.vtp'.
[2026-09-15 13:24:57.409] [warning] Couldn't find file 'hat_jaw.vtp'.
[2026-09-15 13:24:57.409] [warning] Couldn't find file 'hat_skull.vtp'.
[2026-09-15 13:24:57.409] [warning] Couldn't find file 'hat_ribs_scap.vtp'.
[2026-09-15 13:24:57.409] [warning] Couldn't find file 'humerus_rv.vtp'.
[2026-09-15 13:24:57.409] [warning] Couldn't find file 'ulna_rv.vtp'.
[2026-09-15 13:24:57.409] [warning] Couldn't find file 'radius_rv.vtp'.
[2026-09-15 13:24:57.409] [warning] Couldn't find file 'pisiform_rvs.vtp'.
[2026-09-15 13:24:57.409] [warning] Couldn't find file 'lunate_rvs.vtp'.
[2026-09-15 13:24:57.409] [warning] Couldn't find file 'scaphoid_rvs.vtp'.
[2026-09-15 13:24:57.409] [warning] Couldn't find file 'triquetrum_rvs.vtp'.
[2026-09-15 13:24:57.409] [warning] Couldn't find file 'hamate_rvs.vtp'.
[2026-09-15 13:24:57.410] [warning] Couldn't find file 'capitate_rvs.vtp'.
[2026-09-15 13:24:57.410] [warning] Couldn't find file 'trapezoid_rvs.vtp'.
[2026-09-15 13:24:57.410] [warning] Couldn't find file 'trapezium_rvs.vtp'.
[2026-09-15 13:24:57.410] [warning] Couldn't find file 'metacarpal2_rvs.vtp'.
[2026-09-15 13:24:57.410] [warning] Couldn't find file 'index_proximal_rvs.vtp'.
[2026-09-15 13:24:57.410] [warning] Couldn't find file 'index_medial_rvs.vtp'.
[2026-09-15 13:24:57.410] [warning] Couldn't find file 'index_distal_rvs.vtp'.
[2026-09-15 13:24:57.410] [warning] Couldn't find file 'metacarpal3_rvs.vtp'.
[2026-09-15 13:24:57.410] [warning] Couldn't find file 'middle_proximal_rvs.vtp'.
[2026-09-15 13:24:57.410] [warning] Couldn't find file 'middle_medial_rvs.vtp'.
[2026-09-15 13:24:57.410] [warning] Couldn't find file 'middle_distal_rvs.vtp'.
[2026-09-15 13:24:57.410] [warning] Couldn't find file 'metacarpal4_rvs.vtp'.
[2026-09-15 13:24:57.410] [warning] Couldn't find file 'ring_proximal_rvs.vtp'.
[2026-09-15 13:24:57.410] [warning] Couldn't find file 'ring_medial_rvs.vtp'.
[2026-09-15 13:24:57.410] [warning] Couldn't find file 'ring_distal_rvs.vtp'.
[2026-09-15 13:24:57.410] [warning] Couldn't find file 'metacarpal5_rvs.vtp'.
[2026-09-15 13:24:57.410] [warning] Couldn't find file 'little_proximal_rvs.vtp'.
[2026-09-15 13:24:57.410] [warning] Couldn't find file 'little_medial_rvs.vtp'.
[2026-09-15 13:24:57.410] [warning] Couldn't find file 'little_distal_rvs.vtp'.
[2026-09-15 13:24:57.410] [warning] Couldn't find file 'metacarpal1_rvs.vtp'.
[2026-09-15 13:24:57.410] [warning] Couldn't find file 'thumb_proximal_rvs.vtp'.
[2026-09-15 13:24:57.410] [warning] Couldn't find file 'thumb_distal_rvs.vtp'.
[2026-09-15 13:24:57.410] [warning] Couldn't find file 'humerus_lv.vtp'.
[2026-09-15 13:24:57.411] [warning] Couldn't find file 'ulna_lv.vtp'.
[2026-09-15 13:24:57.411] [warning] Couldn't find file 'radius_lv.vtp'.
[2026-09-15 13:24:57.411] [warning] Couldn't find file 'pisiform_lvs.vtp'.
[2026-09-15 13:24:57.411] [warning] Couldn't find file 'lunate_lvs.vtp'.
[2026-09-15 13:24:57.411] [warning] Couldn't find file 'scaphoid_lvs.vtp'.
[2026-09-15 13:24:57.411] [warning] Couldn't find file 'triquetrum_lvs.vtp'.
[2026-09-15 13:24:57.411] [warning] Couldn't find file 'hamate_lvs.vtp'.
[2026-09-15 13:24:57.411] [warning] Couldn't find file 'capitate_lvs.vtp'.
[2026-09-15 13:24:57.411] [warning] Couldn't find file 'trapezoid_lvs.vtp'.
[2026-09-15 13:24:57.411] [warning] Couldn't find file 'trapezium_lvs.vtp'.
[2026-09-15 13:24:57.411] [warning] Couldn't find file 'metacarpal2_lvs.vtp'.
[2026-09-15 13:24:57.411] [warning] Couldn't find file 'index_proximal_lvs.vtp'.
[2026-09-15 13:24:57.411] [warning] Couldn't find file 'index_medial_lvs.vtp'.
[2026-09-15 13:24:57.411] [warning] Couldn't find file 'index_distal_lvs.vtp'.
[2026-09-15 13:24:57.411] [warning] Couldn't find file 'metacarpal3_lvs.vtp'.
[2026-09-15 13:24:57.411] [warning] Couldn't find file 'middle_proximal_lvs.vtp'.
[2026-09-15 13:24:57.411] [warning] Couldn't find file 'middle_medial_lvs.vtp'.
[2026-09-15 13:24:57.411] [warning] Couldn't find file 'middle_distal_lvs.vtp'.
[2026-09-15 13:24:57.411] [warning] Couldn't find file 'metacarpal4_lvs.vtp'.
[2026-09-15 13:24:57.411] [warning] Couldn't find file 'ring_proximal_lvs.vtp'.
[2026-09-15 13:24:57.411] [warning] Couldn't find file 'ring_medial_lvs.vtp'.
[2026-09-15 13:24:57.412] [warning] Couldn't find file 'ring_distal_lvs.vtp'.
[2026-09-15 13:24:57.412] [warning] Couldn't find file 'metacarpal5_lvs.vtp'.
[2026-09-15 13:24:57.412] [warning] Couldn't find file 'little_proximal_lvs.vtp'.
[2026-09-15 13:24:57.412] [warning] Couldn't find file 'little_medial_lvs.vtp'.
[2026-09-15 13:24:57.412] [warning] Couldn't find file 'little_distal_lvs.vtp'.
[2026-09-15 13:24:57.412] [warning] Couldn't find file 'metacarpal1_lvs.vtp'.
[2026-09-15 13:24:57.412] [warning] Couldn't find file 'thumb_proximal_lvs.vtp'.
[2026-09-15 13:24:57.412] [warning] Couldn't find file 'thumb_distal_lvs.vtp'.
[2026-09-15 13:24:58.279] [info] Loaded model RajagopalLaiUhlrich2023 from file c:\Users\lzoffoli\Technogym SPA\SCIENTIFIC RESEARCH - Documenti\github_repositories\opensim-user\assets\rajagopalaiulrich2023.osim
[2026-09-15 13:24:58.280] [warning] Couldn't find file 'r_pelvis.vtp'.
[2026-09-15 13:24:58.280] [warning] Couldn't find file 'l_pelvis.vtp'.
[2026-09-15 13:24:58.280] [warning] Couldn't find file 'sacrum.vtp'.
[2026-09-15 13:24:58.280] [warning] Couldn't find file 'r_femur.vtp'.
[2026-09-15 13:24:58.281] [warning] Couldn't find file 'r_tibia.vtp'.
[2026-09-15 13:24:58.281] [warning] Couldn't find file 'r_fibula.vtp'.
[2026-09-15 13:24:58.281] [warning] Couldn't find file 'r_patella.vtp'.
[2026-09-15 13:24:58.281] [warning] Couldn't find file 'r_talus.vtp'.
[2026-09-15 13:24:58.281] [warning] Couldn't find file 'r_foot.vtp'.
[2026-09-15 13:24:58.281] [warning] Couldn't find file 'r_bofoot.vtp'.
[2026-09-15 13:24:58.281] [warning] Couldn't find file 'l_femur.vtp'.
[2026-09-15 13:24:58.282] [warning] Couldn't find file 'l_tibia.vtp'.
[2026-09-15 13:24:58.283] [warning] Couldn't find file 'l_fibula.vtp'.
[2026-09-15 13:24:58.284] [warning] Couldn't find file 'l_patella.vtp'.
[2026-09-15 13:24:58.284] [warning] Couldn't find file 'l_talus.vtp'.
[2026-09-15 13:24:58.284] [warning] Couldn't find file 'l_foot.vtp'.
[2026-09-15 13:24:58.285] [warning] Couldn't find file 'l_bofoot.vtp'.
[2026-09-15 13:24:58.285] [warning] Couldn't find file 'hat_spine.vtp'.
[2026-09-15 13:24:58.286] [warning] Couldn't find file 'hat_jaw.vtp'.
[2026-09-15 13:24:58.286] [warning] Couldn't find file 'hat_skull.vtp'.
[2026-09-15 13:24:58.286] [warning] Couldn't find file 'hat_ribs_scap.vtp'.
[2026-09-15 13:24:58.286] [warning] Couldn't find file 'humerus_rv.vtp'.
[2026-09-15 13:24:58.286] [warning] Couldn't find file 'ulna_rv.vtp'.
[2026-09-15 13:24:58.286] [warning] Couldn't find file 'radius_rv.vtp'.
[2026-09-15 13:24:58.286] [warning] Couldn't find file 'pisiform_rvs.vtp'.
[2026-09-15 13:24:58.286] [warning] Couldn't find file 'lunate_rvs.vtp'.
[2026-09-15 13:24:58.286] [warning] Couldn't find file 'scaphoid_rvs.vtp'.
[2026-09-15 13:24:58.286] [warning] Couldn't find file 'triquetrum_rvs.vtp'.
[2026-09-15 13:24:58.286] [warning] Couldn't find file 'hamate_rvs.vtp'.
[2026-09-15 13:24:58.286] [warning] Couldn't find file 'capitate_rvs.vtp'.
[2026-09-15 13:24:58.286] [warning] Couldn't find file 'trapezoid_rvs.vtp'.
[2026-09-15 13:24:58.286] [warning] Couldn't find file 'trapezium_rvs.vtp'.
[2026-09-15 13:24:58.286] [warning] Couldn't find file 'metacarpal2_rvs.vtp'.
[2026-09-15 13:24:58.286] [warning] Couldn't find file 'index_proximal_rvs.vtp'.
[2026-09-15 13:24:58.287] [warning] Couldn't find file 'index_medial_rvs.vtp'.
[2026-09-15 13:24:58.287] [warning] Couldn't find file 'index_distal_rvs.vtp'.
[2026-09-15 13:24:58.287] [warning] Couldn't find file 'metacarpal3_rvs.vtp'.
[2026-09-15 13:24:58.287] [warning] Couldn't find file 'middle_proximal_rvs.vtp'.
[2026-09-15 13:24:58.287] [warning] Couldn't find file 'middle_medial_rvs.vtp'.
[2026-09-15 13:24:58.287] [warning] Couldn't find file 'middle_distal_rvs.vtp'.
[2026-09-15 13:24:58.287] [warning] Couldn't find file 'metacarpal4_rvs.vtp'.
[2026-09-15 13:24:58.287] [warning] Couldn't find file 'ring_proximal_rvs.vtp'.
[2026-09-15 13:24:58.287] [warning] Couldn't find file 'ring_medial_rvs.vtp'.
[2026-09-15 13:24:58.287] [warning] Couldn't find file 'ring_distal_rvs.vtp'.
[2026-09-15 13:24:58.287] [warning] Couldn't find file 'metacarpal5_rvs.vtp'.
[2026-09-15 13:24:58.287] [warning] Couldn't find file 'little_proximal_rvs.vtp'.
[2026-09-15 13:24:58.287] [warning] Couldn't find file 'little_medial_rvs.vtp'.
[2026-09-15 13:24:58.287] [warning] Couldn't find file 'little_distal_rvs.vtp'.
[2026-09-15 13:24:58.287] [warning] Couldn't find file 'metacarpal1_rvs.vtp'.
[2026-09-15 13:24:58.287] [warning] Couldn't find file 'thumb_proximal_rvs.vtp'.
[2026-09-15 13:24:58.288] [warning] Couldn't find file 'thumb_distal_rvs.vtp'.
[2026-09-15 13:24:58.288] [warning] Couldn't find file 'humerus_lv.vtp'.
[2026-09-15 13:24:58.288] [warning] Couldn't find file 'ulna_lv.vtp'.
[2026-09-15 13:24:58.288] [warning] Couldn't find file 'radius_lv.vtp'.
[2026-09-15 13:24:58.288] [warning] Couldn't find file 'pisiform_lvs.vtp'.
[2026-09-15 13:24:58.288] [warning] Couldn't find file 'lunate_lvs.vtp'.
[2026-09-15 13:24:58.288] [warning] Couldn't find file 'scaphoid_lvs.vtp'.
[2026-09-15 13:24:58.288] [warning] Couldn't find file 'triquetrum_lvs.vtp'.
[2026-09-15 13:24:58.288] [warning] Couldn't find file 'hamate_lvs.vtp'.
[2026-09-15 13:24:58.288] [warning] Couldn't find file 'capitate_lvs.vtp'.
[2026-09-15 13:24:58.288] [warning] Couldn't find file 'trapezoid_lvs.vtp'.
[2026-09-15 13:24:58.288] [warning] Couldn't find file 'trapezium_lvs.vtp'.
[2026-09-15 13:24:58.289] [warning] Couldn't find file 'metacarpal2_lvs.vtp'.
[2026-09-15 13:24:58.289] [warning] Couldn't find file 'index_proximal_lvs.vtp'.
[2026-09-15 13:24:58.289] [warning] Couldn't find file 'index_medial_lvs.vtp'.
[2026-09-15 13:24:58.289] [warning] Couldn't find file 'index_distal_lvs.vtp'.
[2026-09-15 13:24:58.289] [warning] Couldn't find file 'metacarpal3_lvs.vtp'.
[2026-09-15 13:24:58.289] [warning] Couldn't find file 'middle_proximal_lvs.vtp'.
[2026-09-15 13:24:58.289] [warning] Couldn't find file 'middle_medial_lvs.vtp'.
[2026-09-15 13:24:58.289] [warning] Couldn't find file 'middle_distal_lvs.vtp'.
[2026-09-15 13:24:58.289] [warning] Couldn't find file 'metacarpal4_lvs.vtp'.
[2026-09-15 13:24:58.289] [warning] Couldn't find file 'ring_proximal_lvs.vtp'.
[2026-09-15 13:24:58.289] [warning] Couldn't find file 'ring_medial_lvs.vtp'.
[2026-09-15 13:24:58.289] [warning] Couldn't find file 'ring_distal_lvs.vtp'.
[2026-09-15 13:24:58.289] [warning] Couldn't find file 'metacarpal5_lvs.vtp'.
[2026-09-15 13:24:58.289] [warning] Couldn't find file 'little_proximal_lvs.vtp'.
[2026-09-15 13:24:58.289] [warning] Couldn't find file 'little_medial_lvs.vtp'.
[2026-09-15 13:24:58.289] [warning] Couldn't find file 'little_distal_lvs.vtp'.
[2026-09-15 13:24:58.289] [warning] Couldn't find file 'metacarpal1_lvs.vtp'.
[2026-09-15 13:24:58.289] [warning] Couldn't find file 'thumb_proximal_lvs.vtp'.
[2026-09-15 13:24:58.289] [warning] Couldn't find file 'thumb_distal_lvs.vtp'.
[2026-09-15 13:24:59.303] [info] Loaded model RajagopalLaiUhlrich2023 from file c:\Users\lzoffoli\Technogym SPA\SCIENTIFIC RESEARCH - Documenti\github_repositories\opensim-user\assets\rajagopalaiulrich2023.osim
[2026-09-15 13:24:59.305] [warning] Couldn't find file 'r_pelvis.vtp'.
[2026-09-15 13:24:59.306] [warning] Couldn't find file 'l_pelvis.vtp'.
[2026-09-15 13:24:59.306] [warning] Couldn't find file 'sacrum.vtp'.
[2026-09-15 13:24:59.307] [warning] Couldn't find file 'r_femur.vtp'.
[2026-09-15 13:24:59.307] [warning] Couldn't find file 'r_tibia.vtp'.
[2026-09-15 13:24:59.307] [warning] Couldn't find file 'r_fibula.vtp'.
[2026-09-15 13:24:59.307] [warning] Couldn't find file 'r_patella.vtp'.
[2026-09-15 13:24:59.308] [warning] Couldn't find file 'r_talus.vtp'.
[2026-09-15 13:24:59.308] [warning] Couldn't find file 'r_foot.vtp'.
[2026-09-15 13:24:59.308] [warning] Couldn't find file 'r_bofoot.vtp'.
[2026-09-15 13:24:59.309] [warning] Couldn't find file 'l_femur.vtp'.
[2026-09-15 13:24:59.309] [warning] Couldn't find file 'l_tibia.vtp'.
[2026-09-15 13:24:59.309] [warning] Couldn't find file 'l_fibula.vtp'.
[2026-09-15 13:24:59.309] [warning] Couldn't find file 'l_patella.vtp'.
[2026-09-15 13:24:59.310] [warning] Couldn't find file 'l_talus.vtp'.
[2026-09-15 13:24:59.310] [warning] Couldn't find file 'l_foot.vtp'.
[2026-09-15 13:24:59.310] [warning] Couldn't find file 'l_bofoot.vtp'.
[2026-09-15 13:24:59.310] [warning] Couldn't find file 'hat_spine.vtp'.
[2026-09-15 13:24:59.311] [warning] Couldn't find file 'hat_jaw.vtp'.
[2026-09-15 13:24:59.311] [warning] Couldn't find file 'hat_skull.vtp'.
[2026-09-15 13:24:59.311] [warning] Couldn't find file 'hat_ribs_scap.vtp'.
[2026-09-15 13:24:59.311] [warning] Couldn't find file 'humerus_rv.vtp'.
[2026-09-15 13:24:59.311] [warning] Couldn't find file 'ulna_rv.vtp'.
[2026-09-15 13:24:59.311] [warning] Couldn't find file 'radius_rv.vtp'.
[2026-09-15 13:24:59.311] [warning] Couldn't find file 'pisiform_rvs.vtp'.
[2026-09-15 13:24:59.312] [warning] Couldn't find file 'lunate_rvs.vtp'.
[2026-09-15 13:24:59.312] [warning] Couldn't find file 'scaphoid_rvs.vtp'.
[2026-09-15 13:24:59.312] [warning] Couldn't find file 'triquetrum_rvs.vtp'.
[2026-09-15 13:24:59.312] [warning] Couldn't find file 'hamate_rvs.vtp'.
[2026-09-15 13:24:59.312] [warning] Couldn't find file 'capitate_rvs.vtp'.
[2026-09-15 13:24:59.312] [warning] Couldn't find file 'trapezoid_rvs.vtp'.
[2026-09-15 13:24:59.312] [warning] Couldn't find file 'trapezium_rvs.vtp'.
[2026-09-15 13:24:59.312] [warning] Couldn't find file 'metacarpal2_rvs.vtp'.
[2026-09-15 13:24:59.312] [warning] Couldn't find file 'index_proximal_rvs.vtp'.
[2026-09-15 13:24:59.312] [warning] Couldn't find file 'index_medial_rvs.vtp'.
[2026-09-15 13:24:59.313] [warning] Couldn't find file 'index_distal_rvs.vtp'.
[2026-09-15 13:24:59.313] [warning] Couldn't find file 'metacarpal3_rvs.vtp'.
[2026-09-15 13:24:59.313] [warning] Couldn't find file 'middle_proximal_rvs.vtp'.
[2026-09-15 13:24:59.313] [warning] Couldn't find file 'middle_medial_rvs.vtp'.
[2026-09-15 13:24:59.313] [warning] Couldn't find file 'middle_distal_rvs.vtp'.
[2026-09-15 13:24:59.313] [warning] Couldn't find file 'metacarpal4_rvs.vtp'.
[2026-09-15 13:24:59.313] [warning] Couldn't find file 'ring_proximal_rvs.vtp'.
[2026-09-15 13:24:59.314] [warning] Couldn't find file 'ring_medial_rvs.vtp'.
[2026-09-15 13:24:59.314] [warning] Couldn't find file 'ring_distal_rvs.vtp'.
[2026-09-15 13:24:59.314] [warning] Couldn't find file 'metacarpal5_rvs.vtp'.
[2026-09-15 13:24:59.314] [warning] Couldn't find file 'little_proximal_rvs.vtp'.
[2026-09-15 13:24:59.314] [warning] Couldn't find file 'little_medial_rvs.vtp'.
[2026-09-15 13:24:59.314] [warning] Couldn't find file 'little_distal_rvs.vtp'.
[2026-09-15 13:24:59.314] [warning] Couldn't find file 'metacarpal1_rvs.vtp'.
[2026-09-15 13:24:59.314] [warning] Couldn't find file 'thumb_proximal_rvs.vtp'.
[2026-09-15 13:24:59.314] [warning] Couldn't find file 'thumb_distal_rvs.vtp'.
[2026-09-15 13:24:59.314] [warning] Couldn't find file 'humerus_lv.vtp'.
[2026-09-15 13:24:59.315] [warning] Couldn't find file 'ulna_lv.vtp'.
[2026-09-15 13:24:59.315] [warning] Couldn't find file 'radius_lv.vtp'.
[2026-09-15 13:24:59.315] [warning] Couldn't find file 'pisiform_lvs.vtp'.
[2026-09-15 13:24:59.315] [warning] Couldn't find file 'lunate_lvs.vtp'.
[2026-09-15 13:24:59.315] [warning] Couldn't find file 'scaphoid_lvs.vtp'.
[2026-09-15 13:24:59.315] [warning] Couldn't find file 'triquetrum_lvs.vtp'.
[2026-09-15 13:24:59.316] [warning] Couldn't find file 'hamate_lvs.vtp'.
[2026-09-15 13:24:59.316] [warning] Couldn't find file 'capitate_lvs.vtp'.
[2026-09-15 13:24:59.316] [warning] Couldn't find file 'trapezoid_lvs.vtp'.
[2026-09-15 13:24:59.316] [warning] Couldn't find file 'trapezium_lvs.vtp'.
[2026-09-15 13:24:59.316] [warning] Couldn't find file 'metacarpal2_lvs.vtp'.
[2026-09-15 13:24:59.316] [warning] Couldn't find file 'index_proximal_lvs.vtp'.
[2026-09-15 13:24:59.316] [warning] Couldn't find file 'index_medial_lvs.vtp'.
[2026-09-15 13:24:59.317] [warning] Couldn't find file 'index_distal_lvs.vtp'.
[2026-09-15 13:24:59.317] [warning] Couldn't find file 'metacarpal3_lvs.vtp'.
[2026-09-15 13:24:59.317] [warning] Couldn't find file 'middle_proximal_lvs.vtp'.
[2026-09-15 13:24:59.317] [warning] Couldn't find file 'middle_medial_lvs.vtp'.
[2026-09-15 13:24:59.317] [warning] Couldn't find file 'middle_distal_lvs.vtp'.
[2026-09-15 13:24:59.317] [warning] Couldn't find file 'metacarpal4_lvs.vtp'.
[2026-09-15 13:24:59.317] [warning] Couldn't find file 'ring_proximal_lvs.vtp'.
[2026-09-15 13:24:59.318] [warning] Couldn't find file 'ring_medial_lvs.vtp'.
[2026-09-15 13:24:59.318] [warning] Couldn't find file 'ring_distal_lvs.vtp'.
[2026-09-15 13:24:59.318] [warning] Couldn't find file 'metacarpal5_lvs.vtp'.
[2026-09-15 13:24:59.318] [warning] Couldn't find file 'little_proximal_lvs.vtp'.
[2026-09-15 13:24:59.318] [warning] Couldn't find file 'little_medial_lvs.vtp'.
[2026-09-15 13:24:59.318] [warning] Couldn't find file 'little_distal_lvs.vtp'.
[2026-09-15 13:24:59.318] [warning] Couldn't find file 'metacarpal1_lvs.vtp'.
[2026-09-15 13:24:59.318] [warning] Couldn't find file 'thumb_proximal_lvs.vtp'.
[2026-09-15 13:24:59.318] [warning] Couldn't find file 'thumb_distal_lvs.vtp'.
[2026-09-15 13:25:00.361] [info] Loaded model RajagopalLaiUhlrich2023 from file c:\Users\lzoffoli\Technogym SPA\SCIENTIFIC RESEARCH - Documenti\github_repositories\opensim-user\assets\rajagopalaiulrich2023.osim
[2026-09-15 13:25:00.363] [warning] Couldn't find file 'r_pelvis.vtp'.
[2026-09-15 13:25:00.363] [warning] Couldn't find file 'l_pelvis.vtp'.
[2026-09-15 13:25:00.364] [warning] Couldn't find file 'sacrum.vtp'.
[2026-09-15 13:25:00.364] [warning] Couldn't find file 'r_femur.vtp'.
[2026-09-15 13:25:00.365] [warning] Couldn't find file 'r_tibia.vtp'.
[2026-09-15 13:25:00.365] [warning] Couldn't find file 'r_fibula.vtp'.
[2026-09-15 13:25:00.365] [warning] Couldn't find file 'r_patella.vtp'.
[2026-09-15 13:25:00.366] [warning] Couldn't find file 'r_talus.vtp'.
[2026-09-15 13:25:00.366] [warning] Couldn't find file 'r_foot.vtp'.
[2026-09-15 13:25:00.366] [warning] Couldn't find file 'r_bofoot.vtp'.
[2026-09-15 13:25:00.366] [warning] Couldn't find file 'l_femur.vtp'.
[2026-09-15 13:25:00.367] [warning] Couldn't find file 'l_tibia.vtp'.
[2026-09-15 13:25:00.367] [warning] Couldn't find file 'l_fibula.vtp'.
[2026-09-15 13:25:00.368] [warning] Couldn't find file 'l_patella.vtp'.
[2026-09-15 13:25:00.368] [warning] Couldn't find file 'l_talus.vtp'.
[2026-09-15 13:25:00.368] [warning] Couldn't find file 'l_foot.vtp'.
[2026-09-15 13:25:00.369] [warning] Couldn't find file 'l_bofoot.vtp'.
[2026-09-15 13:25:00.369] [warning] Couldn't find file 'hat_spine.vtp'.
[2026-09-15 13:25:00.369] [warning] Couldn't find file 'hat_jaw.vtp'.
[2026-09-15 13:25:00.369] [warning] Couldn't find file 'hat_skull.vtp'.
[2026-09-15 13:25:00.369] [warning] Couldn't find file 'hat_ribs_scap.vtp'.
[2026-09-15 13:25:00.369] [warning] Couldn't find file 'humerus_rv.vtp'.
[2026-09-15 13:25:00.369] [warning] Couldn't find file 'ulna_rv.vtp'.
[2026-09-15 13:25:00.370] [warning] Couldn't find file 'radius_rv.vtp'.
[2026-09-15 13:25:00.370] [warning] Couldn't find file 'pisiform_rvs.vtp'.
[2026-09-15 13:25:00.370] [warning] Couldn't find file 'lunate_rvs.vtp'.
[2026-09-15 13:25:00.370] [warning] Couldn't find file 'scaphoid_rvs.vtp'.
[2026-09-15 13:25:00.370] [warning] Couldn't find file 'triquetrum_rvs.vtp'.
[2026-09-15 13:25:00.370] [warning] Couldn't find file 'hamate_rvs.vtp'.
[2026-09-15 13:25:00.370] [warning] Couldn't find file 'capitate_rvs.vtp'.
[2026-09-15 13:25:00.370] [warning] Couldn't find file 'trapezoid_rvs.vtp'.
[2026-09-15 13:25:00.370] [warning] Couldn't find file 'trapezium_rvs.vtp'.
[2026-09-15 13:25:00.371] [warning] Couldn't find file 'metacarpal2_rvs.vtp'.
[2026-09-15 13:25:00.371] [warning] Couldn't find file 'index_proximal_rvs.vtp'.
[2026-09-15 13:25:00.371] [warning] Couldn't find file 'index_medial_rvs.vtp'.
[2026-09-15 13:25:00.372] [warning] Couldn't find file 'index_distal_rvs.vtp'.
[2026-09-15 13:25:00.372] [warning] Couldn't find file 'metacarpal3_rvs.vtp'.
[2026-09-15 13:25:00.372] [warning] Couldn't find file 'middle_proximal_rvs.vtp'.
[2026-09-15 13:25:00.372] [warning] Couldn't find file 'middle_medial_rvs.vtp'.
[2026-09-15 13:25:00.372] [warning] Couldn't find file 'middle_distal_rvs.vtp'.
[2026-09-15 13:25:00.372] [warning] Couldn't find file 'metacarpal4_rvs.vtp'.
[2026-09-15 13:25:00.372] [warning] Couldn't find file 'ring_proximal_rvs.vtp'.
[2026-09-15 13:25:00.372] [warning] Couldn't find file 'ring_medial_rvs.vtp'.
[2026-09-15 13:25:00.372] [warning] Couldn't find file 'ring_distal_rvs.vtp'.
[2026-09-15 13:25:00.372] [warning] Couldn't find file 'metacarpal5_rvs.vtp'.
[2026-09-15 13:25:00.372] [warning] Couldn't find file 'little_proximal_rvs.vtp'.
[2026-09-15 13:25:00.372] [warning] Couldn't find file 'little_medial_rvs.vtp'.
[2026-09-15 13:25:00.372] [warning] Couldn't find file 'little_distal_rvs.vtp'.
[2026-09-15 13:25:00.372] [warning] Couldn't find file 'metacarpal1_rvs.vtp'.
[2026-09-15 13:25:00.372] [warning] Couldn't find file 'thumb_proximal_rvs.vtp'.
[2026-09-15 13:25:00.372] [warning] Couldn't find file 'thumb_distal_rvs.vtp'.
[2026-09-15 13:25:00.372] [warning] Couldn't find file 'humerus_lv.vtp'.
[2026-09-15 13:25:00.372] [warning] Couldn't find file 'ulna_lv.vtp'.
[2026-09-15 13:25:00.373] [warning] Couldn't find file 'radius_lv.vtp'.
[2026-09-15 13:25:00.373] [warning] Couldn't find file 'pisiform_lvs.vtp'.
[2026-09-15 13:25:00.373] [warning] Couldn't find file 'lunate_lvs.vtp'.
[2026-09-15 13:25:00.373] [warning] Couldn't find file 'scaphoid_lvs.vtp'.
[2026-09-15 13:25:00.373] [warning] Couldn't find file 'triquetrum_lvs.vtp'.
[2026-09-15 13:25:00.373] [warning] Couldn't find file 'hamate_lvs.vtp'.
[2026-09-15 13:25:00.373] [warning] Couldn't find file 'capitate_lvs.vtp'.
[2026-09-15 13:25:00.373] [warning] Couldn't find file 'trapezoid_lvs.vtp'.
[2026-09-15 13:25:00.373] [warning] Couldn't find file 'trapezium_lvs.vtp'.
[2026-09-15 13:25:00.373] [warning] Couldn't find file 'metacarpal2_lvs.vtp'.
[2026-09-15 13:25:00.373] [warning] Couldn't find file 'index_proximal_lvs.vtp'.
[2026-09-15 13:25:00.373] [warning] Couldn't find file 'index_medial_lvs.vtp'.
[2026-09-15 13:25:00.373] [warning] Couldn't find file 'index_distal_lvs.vtp'.
[2026-09-15 13:25:00.373] [warning] Couldn't find file 'metacarpal3_lvs.vtp'.
[2026-09-15 13:25:00.373] [warning] Couldn't find file 'middle_proximal_lvs.vtp'.
[2026-09-15 13:25:00.373] [warning] Couldn't find file 'middle_medial_lvs.vtp'.
[2026-09-15 13:25:00.373] [warning] Couldn't find file 'middle_distal_lvs.vtp'.
[2026-09-15 13:25:00.373] [warning] Couldn't find file 'metacarpal4_lvs.vtp'.
[2026-09-15 13:25:00.373] [warning] Couldn't find file 'ring_proximal_lvs.vtp'.
[2026-09-15 13:25:00.373] [warning] Couldn't find file 'ring_medial_lvs.vtp'.
[2026-09-15 13:25:00.373] [warning] Couldn't find file 'ring_distal_lvs.vtp'.
[2026-09-15 13:25:00.373] [warning] Couldn't find file 'metacarpal5_lvs.vtp'.
[2026-09-15 13:25:00.373] [warning] Couldn't find file 'little_proximal_lvs.vtp'.
[2026-09-15 13:25:00.374] [warning] Couldn't find file 'little_medial_lvs.vtp'.
[2026-09-15 13:25:00.374] [warning] Couldn't find file 'little_distal_lvs.vtp'.
[2026-09-15 13:25:00.374] [warning] Couldn't find file 'metacarpal1_lvs.vtp'.
[2026-09-15 13:25:00.374] [warning] Couldn't find file 'thumb_proximal_lvs.vtp'.
[2026-09-15 13:25:00.374] [warning] Couldn't find file 'thumb_distal_lvs.vtp'.
[2026-09-15 13:25:01.379] [info] Loaded model RajagopalLaiUhlrich2023 from file c:\Users\lzoffoli\Technogym SPA\SCIENTIFIC RESEARCH - Documenti\github_repositories\opensim-user\assets\rajagopalaiulrich2023.osim
[2026-09-15 13:25:01.380] [warning] Couldn't find file 'r_pelvis.vtp'.
[2026-09-15 13:25:01.380] [warning] Couldn't find file 'l_pelvis.vtp'.
[2026-09-15 13:25:01.380] [warning] Couldn't find file 'sacrum.vtp'.
[2026-09-15 13:25:01.380] [warning] Couldn't find file 'r_femur.vtp'.
[2026-09-15 13:25:01.380] [warning] Couldn't find file 'r_tibia.vtp'.
[2026-09-15 13:25:01.381] [warning] Couldn't find file 'r_fibula.vtp'.
[2026-09-15 13:25:01.381] [warning] Couldn't find file 'r_patella.vtp'.
[2026-09-15 13:25:01.381] [warning] Couldn't find file 'r_talus.vtp'.
[2026-09-15 13:25:01.381] [warning] Couldn't find file 'r_foot.vtp'.
[2026-09-15 13:25:01.381] [warning] Couldn't find file 'r_bofoot.vtp'.
[2026-09-15 13:25:01.381] [warning] Couldn't find file 'l_femur.vtp'.
[2026-09-15 13:25:01.381] [warning] Couldn't find file 'l_tibia.vtp'.
[2026-09-15 13:25:01.381] [warning] Couldn't find file 'l_fibula.vtp'.
[2026-09-15 13:25:01.381] [warning] Couldn't find file 'l_patella.vtp'.
[2026-09-15 13:25:01.382] [warning] Couldn't find file 'l_talus.vtp'.
[2026-09-15 13:25:01.382] [warning] Couldn't find file 'l_foot.vtp'.
[2026-09-15 13:25:01.382] [warning] Couldn't find file 'l_bofoot.vtp'.
[2026-09-15 13:25:01.382] [warning] Couldn't find file 'hat_spine.vtp'.
[2026-09-15 13:25:01.382] [warning] Couldn't find file 'hat_jaw.vtp'.
[2026-09-15 13:25:01.382] [warning] Couldn't find file 'hat_skull.vtp'.
[2026-09-15 13:25:01.382] [warning] Couldn't find file 'hat_ribs_scap.vtp'.
[2026-09-15 13:25:01.382] [warning] Couldn't find file 'humerus_rv.vtp'.
[2026-09-15 13:25:01.382] [warning] Couldn't find file 'ulna_rv.vtp'.
[2026-09-15 13:25:01.382] [warning] Couldn't find file 'radius_rv.vtp'.
[2026-09-15 13:25:01.382] [warning] Couldn't find file 'pisiform_rvs.vtp'.
[2026-09-15 13:25:01.382] [warning] Couldn't find file 'lunate_rvs.vtp'.
[2026-09-15 13:25:01.382] [warning] Couldn't find file 'scaphoid_rvs.vtp'.
[2026-09-15 13:25:01.383] [warning] Couldn't find file 'triquetrum_rvs.vtp'.
[2026-09-15 13:25:01.383] [warning] Couldn't find file 'hamate_rvs.vtp'.
[2026-09-15 13:25:01.383] [warning] Couldn't find file 'capitate_rvs.vtp'.
[2026-09-15 13:25:01.383] [warning] Couldn't find file 'trapezoid_rvs.vtp'.
[2026-09-15 13:25:01.383] [warning] Couldn't find file 'trapezium_rvs.vtp'.
[2026-09-15 13:25:01.383] [warning] Couldn't find file 'metacarpal2_rvs.vtp'.
[2026-09-15 13:25:01.383] [warning] Couldn't find file 'index_proximal_rvs.vtp'.
[2026-09-15 13:25:01.383] [warning] Couldn't find file 'index_medial_rvs.vtp'.
[2026-09-15 13:25:01.383] [warning] Couldn't find file 'index_distal_rvs.vtp'.
[2026-09-15 13:25:01.383] [warning] Couldn't find file 'metacarpal3_rvs.vtp'.
[2026-09-15 13:25:01.383] [warning] Couldn't find file 'middle_proximal_rvs.vtp'.
[2026-09-15 13:25:01.383] [warning] Couldn't find file 'middle_medial_rvs.vtp'.
[2026-09-15 13:25:01.384] [warning] Couldn't find file 'middle_distal_rvs.vtp'.
[2026-09-15 13:25:01.384] [warning] Couldn't find file 'metacarpal4_rvs.vtp'.
[2026-09-15 13:25:01.384] [warning] Couldn't find file 'ring_proximal_rvs.vtp'.
[2026-09-15 13:25:01.384] [warning] Couldn't find file 'ring_medial_rvs.vtp'.
[2026-09-15 13:25:01.384] [warning] Couldn't find file 'ring_distal_rvs.vtp'.
[2026-09-15 13:25:01.384] [warning] Couldn't find file 'metacarpal5_rvs.vtp'.
[2026-09-15 13:25:01.384] [warning] Couldn't find file 'little_proximal_rvs.vtp'.
[2026-09-15 13:25:01.384] [warning] Couldn't find file 'little_medial_rvs.vtp'.
[2026-09-15 13:25:01.385] [warning] Couldn't find file 'little_distal_rvs.vtp'.
[2026-09-15 13:25:01.385] [warning] Couldn't find file 'metacarpal1_rvs.vtp'.
[2026-09-15 13:25:01.385] [warning] Couldn't find file 'thumb_proximal_rvs.vtp'.
[2026-09-15 13:25:01.385] [warning] Couldn't find file 'thumb_distal_rvs.vtp'.
[2026-09-15 13:25:01.385] [warning] Couldn't find file 'humerus_lv.vtp'.
[2026-09-15 13:25:01.386] [warning] Couldn't find file 'ulna_lv.vtp'.
[2026-09-15 13:25:01.386] [warning] Couldn't find file 'radius_lv.vtp'.
[2026-09-15 13:25:01.386] [warning] Couldn't find file 'pisiform_lvs.vtp'.
[2026-09-15 13:25:01.386] [warning] Couldn't find file 'lunate_lvs.vtp'.
[2026-09-15 13:25:01.386] [warning] Couldn't find file 'scaphoid_lvs.vtp'.
[2026-09-15 13:25:01.386] [warning] Couldn't find file 'triquetrum_lvs.vtp'.
[2026-09-15 13:25:01.386] [warning] Couldn't find file 'hamate_lvs.vtp'.
[2026-09-15 13:25:01.386] [warning] Couldn't find file 'capitate_lvs.vtp'.
[2026-09-15 13:25:01.386] [warning] Couldn't find file 'trapezoid_lvs.vtp'.
[2026-09-15 13:25:01.386] [warning] Couldn't find file 'trapezium_lvs.vtp'.
[2026-09-15 13:25:01.386] [warning] Couldn't find file 'metacarpal2_lvs.vtp'.
[2026-09-15 13:25:01.386] [warning] Couldn't find file 'index_proximal_lvs.vtp'.
[2026-09-15 13:25:01.386] [warning] Couldn't find file 'index_medial_lvs.vtp'.
[2026-09-15 13:25:01.386] [warning] Couldn't find file 'index_distal_lvs.vtp'.
[2026-09-15 13:25:01.386] [warning] Couldn't find file 'metacarpal3_lvs.vtp'.
[2026-09-15 13:25:01.387] [warning] Couldn't find file 'middle_proximal_lvs.vtp'.
[2026-09-15 13:25:01.387] [warning] Couldn't find file 'middle_medial_lvs.vtp'.
[2026-09-15 13:25:01.387] [warning] Couldn't find file 'middle_distal_lvs.vtp'.
[2026-09-15 13:25:01.387] [warning] Couldn't find file 'metacarpal4_lvs.vtp'.
[2026-09-15 13:25:01.387] [warning] Couldn't find file 'ring_proximal_lvs.vtp'.
[2026-09-15 13:25:01.387] [warning] Couldn't find file 'ring_medial_lvs.vtp'.
[2026-09-15 13:25:01.387] [warning] Couldn't find file 'ring_distal_lvs.vtp'.
[2026-09-15 13:25:01.387] [warning] Couldn't find file 'metacarpal5_lvs.vtp'.
[2026-09-15 13:25:01.387] [warning] Couldn't find file 'little_proximal_lvs.vtp'.
[2026-09-15 13:25:01.387] [warning] Couldn't find file 'little_medial_lvs.vtp'.
[2026-09-15 13:25:01.387] [warning] Couldn't find file 'little_distal_lvs.vtp'.
[2026-09-15 13:25:01.387] [warning] Couldn't find file 'metacarpal1_lvs.vtp'.
[2026-09-15 13:25:01.387] [warning] Couldn't find file 'thumb_proximal_lvs.vtp'.
[2026-09-15 13:25:01.387] [warning] Couldn't find file 'thumb_distal_lvs.vtp'.
[2026-09-15 13:25:02.252] [info] Loaded model RajagopalLaiUhlrich2023 from file c:\Users\lzoffoli\Technogym SPA\SCIENTIFIC RESEARCH - Documenti\github_repositories\opensim-user\assets\rajagopalaiulrich2023.osim
[2026-09-15 13:25:02.253] [warning] Couldn't find file 'r_pelvis.vtp'.
[2026-09-15 13:25:02.253] [warning] Couldn't find file 'l_pelvis.vtp'.
[2026-09-15 13:25:02.254] [warning] Couldn't find file 'sacrum.vtp'.
[2026-09-15 13:25:02.254] [warning] Couldn't find file 'r_femur.vtp'.
[2026-09-15 13:25:02.254] [warning] Couldn't find file 'r_tibia.vtp'.
[2026-09-15 13:25:02.254] [warning] Couldn't find file 'r_fibula.vtp'.
[2026-09-15 13:25:02.254] [warning] Couldn't find file 'r_patella.vtp'.
[2026-09-15 13:25:02.255] [warning] Couldn't find file 'r_talus.vtp'.
[2026-09-15 13:25:02.256] [warning] Couldn't find file 'r_foot.vtp'.
[2026-09-15 13:25:02.256] [warning] Couldn't find file 'r_bofoot.vtp'.
[2026-09-15 13:25:02.256] [warning] Couldn't find file 'l_femur.vtp'.
[2026-09-15 13:25:02.256] [warning] Couldn't find file 'l_tibia.vtp'.
[2026-09-15 13:25:02.257] [warning] Couldn't find file 'l_fibula.vtp'.
[2026-09-15 13:25:02.257] [warning] Couldn't find file 'l_patella.vtp'.
[2026-09-15 13:25:02.257] [warning] Couldn't find file 'l_talus.vtp'.
[2026-09-15 13:25:02.257] [warning] Couldn't find file 'l_foot.vtp'.
[2026-09-15 13:25:02.257] [warning] Couldn't find file 'l_bofoot.vtp'.
[2026-09-15 13:25:02.257] [warning] Couldn't find file 'hat_spine.vtp'.
[2026-09-15 13:25:02.257] [warning] Couldn't find file 'hat_jaw.vtp'.
[2026-09-15 13:25:02.257] [warning] Couldn't find file 'hat_skull.vtp'.
[2026-09-15 13:25:02.257] [warning] Couldn't find file 'hat_ribs_scap.vtp'.
[2026-09-15 13:25:02.257] [warning] Couldn't find file 'humerus_rv.vtp'.
[2026-09-15 13:25:02.258] [warning] Couldn't find file 'ulna_rv.vtp'.
[2026-09-15 13:25:02.258] [warning] Couldn't find file 'radius_rv.vtp'.
[2026-09-15 13:25:02.258] [warning] Couldn't find file 'pisiform_rvs.vtp'.
[2026-09-15 13:25:02.258] [warning] Couldn't find file 'lunate_rvs.vtp'.
[2026-09-15 13:25:02.258] [warning] Couldn't find file 'scaphoid_rvs.vtp'.
[2026-09-15 13:25:02.258] [warning] Couldn't find file 'triquetrum_rvs.vtp'.
[2026-09-15 13:25:02.258] [warning] Couldn't find file 'hamate_rvs.vtp'.
[2026-09-15 13:25:02.258] [warning] Couldn't find file 'capitate_rvs.vtp'.
[2026-09-15 13:25:02.258] [warning] Couldn't find file 'trapezoid_rvs.vtp'.
[2026-09-15 13:25:02.258] [warning] Couldn't find file 'trapezium_rvs.vtp'.
[2026-09-15 13:25:02.258] [warning] Couldn't find file 'metacarpal2_rvs.vtp'.
[2026-09-15 13:25:02.258] [warning] Couldn't find file 'index_proximal_rvs.vtp'.
[2026-09-15 13:25:02.258] [warning] Couldn't find file 'index_medial_rvs.vtp'.
[2026-09-15 13:25:02.258] [warning] Couldn't find file 'index_distal_rvs.vtp'.
[2026-09-15 13:25:02.258] [warning] Couldn't find file 'metacarpal3_rvs.vtp'.
[2026-09-15 13:25:02.258] [warning] Couldn't find file 'middle_proximal_rvs.vtp'.
[2026-09-15 13:25:02.258] [warning] Couldn't find file 'middle_medial_rvs.vtp'.
[2026-09-15 13:25:02.258] [warning] Couldn't find file 'middle_distal_rvs.vtp'.
[2026-09-15 13:25:02.258] [warning] Couldn't find file 'metacarpal4_rvs.vtp'.
[2026-09-15 13:25:02.259] [warning] Couldn't find file 'ring_proximal_rvs.vtp'.
[2026-09-15 13:25:02.259] [warning] Couldn't find file 'ring_medial_rvs.vtp'.
[2026-09-15 13:25:02.259] [warning] Couldn't find file 'ring_distal_rvs.vtp'.
[2026-09-15 13:25:02.259] [warning] Couldn't find file 'metacarpal5_rvs.vtp'.
[2026-09-15 13:25:02.259] [warning] Couldn't find file 'little_proximal_rvs.vtp'.
[2026-09-15 13:25:02.259] [warning] Couldn't find file 'little_medial_rvs.vtp'.
[2026-09-15 13:25:02.259] [warning] Couldn't find file 'little_distal_rvs.vtp'.
[2026-09-15 13:25:02.259] [warning] Couldn't find file 'metacarpal1_rvs.vtp'.
[2026-09-15 13:25:02.259] [warning] Couldn't find file 'thumb_proximal_rvs.vtp'.
[2026-09-15 13:25:02.259] [warning] Couldn't find file 'thumb_distal_rvs.vtp'.
[2026-09-15 13:25:02.259] [warning] Couldn't find file 'humerus_lv.vtp'.
[2026-09-15 13:25:02.259] [warning] Couldn't find file 'ulna_lv.vtp'.
[2026-09-15 13:25:02.259] [warning] Couldn't find file 'radius_lv.vtp'.
[2026-09-15 13:25:02.259] [warning] Couldn't find file 'pisiform_lvs.vtp'.
[2026-09-15 13:25:02.259] [warning] Couldn't find file 'lunate_lvs.vtp'.
[2026-09-15 13:25:02.259] [warning] Couldn't find file 'scaphoid_lvs.vtp'.
[2026-09-15 13:25:02.259] [warning] Couldn't find file 'triquetrum_lvs.vtp'.
[2026-09-15 13:25:02.260] [warning] Couldn't find file 'hamate_lvs.vtp'.
[2026-09-15 13:25:02.260] [warning] Couldn't find file 'capitate_lvs.vtp'.
[2026-09-15 13:25:02.260] [warning] Couldn't find file 'trapezoid_lvs.vtp'.
[2026-09-15 13:25:02.260] [warning] Couldn't find file 'trapezium_lvs.vtp'.
[2026-09-15 13:25:02.260] [warning] Couldn't find file 'metacarpal2_lvs.vtp'.
[2026-09-15 13:25:02.260] [warning] Couldn't find file 'index_proximal_lvs.vtp'.
[2026-09-15 13:25:02.260] [warning] Couldn't find file 'index_medial_lvs.vtp'.
[2026-09-15 13:25:02.260] [warning] Couldn't find file 'index_distal_lvs.vtp'.
[2026-09-15 13:25:02.260] [warning] Couldn't find file 'metacarpal3_lvs.vtp'.
[2026-09-15 13:25:02.260] [warning] Couldn't find file 'middle_proximal_lvs.vtp'.
[2026-09-15 13:25:02.260] [warning] Couldn't find file 'middle_medial_lvs.vtp'.
[2026-09-15 13:25:02.260] [warning] Couldn't find file 'middle_distal_lvs.vtp'.
[2026-09-15 13:25:02.260] [warning] Couldn't find file 'metacarpal4_lvs.vtp'.
[2026-09-15 13:25:02.260] [warning] Couldn't find file 'ring_proximal_lvs.vtp'.
[2026-09-15 13:25:02.260] [warning] Couldn't find file 'ring_medial_lvs.vtp'.
[2026-09-15 13:25:02.260] [warning] Couldn't find file 'ring_distal_lvs.vtp'.
[2026-09-15 13:25:02.260] [warning] Couldn't find file 'metacarpal5_lvs.vtp'.
[2026-09-15 13:25:02.260] [warning] Couldn't find file 'little_proximal_lvs.vtp'.
[2026-09-15 13:25:02.260] [warning] Couldn't find file 'little_medial_lvs.vtp'.
[2026-09-15 13:25:02.260] [warning] Couldn't find file 'little_distal_lvs.vtp'.
[2026-09-15 13:25:02.260] [warning] Couldn't find file 'metacarpal1_lvs.vtp'.
[2026-09-15 13:25:02.261] [warning] Couldn't find file 'thumb_proximal_lvs.vtp'.
[2026-09-15 13:25:02.261] [warning] Couldn't find file 'thumb_distal_lvs.vtp'.
[2026-09-15 13:25:02.835] [info] Loaded model RajagopalLaiUhlrich2023 from file C:\Users\lzoffoli\AppData\Local\Temp\tmp8iuuce38\exported.osim
[2026-09-15 13:25:02.836] [warning] Couldn't find file 'r_pelvis.vtp'.
[2026-09-15 13:25:02.836] [warning] Couldn't find file 'l_pelvis.vtp'.
[2026-09-15 13:25:02.836] [warning] Couldn't find file 'sacrum.vtp'.
[2026-09-15 13:25:02.836] [warning] Couldn't find file 'r_femur.vtp'.
[2026-09-15 13:25:02.836] [warning] Couldn't find file 'r_tibia.vtp'.
[2026-09-15 13:25:02.837] [warning] Couldn't find file 'r_fibula.vtp'.
[2026-09-15 13:25:02.837] [warning] Couldn't find file 'r_patella.vtp'.
[2026-09-15 13:25:02.837] [warning] Couldn't find file 'r_talus.vtp'.
[2026-09-15 13:25:02.837] [warning] Couldn't find file 'r_foot.vtp'.
[2026-09-15 13:25:02.837] [warning] Couldn't find file 'r_bofoot.vtp'.
[2026-09-15 13:25:02.837] [warning] Couldn't find file 'l_femur.vtp'.
[2026-09-15 13:25:02.837] [warning] Couldn't find file 'l_tibia.vtp'.
[2026-09-15 13:25:02.837] [warning] Couldn't find file 'l_fibula.vtp'.
[2026-09-15 13:25:02.837] [warning] Couldn't find file 'l_patella.vtp'.
[2026-09-15 13:25:02.838] [warning] Couldn't find file 'l_talus.vtp'.
[2026-09-15 13:25:02.838] [warning] Couldn't find file 'l_foot.vtp'.
[2026-09-15 13:25:02.838] [warning] Couldn't find file 'l_bofoot.vtp'.
[2026-09-15 13:25:02.838] [warning] Couldn't find file 'hat_spine.vtp'.
[2026-09-15 13:25:02.838] [warning] Couldn't find file 'hat_jaw.vtp'.
[2026-09-15 13:25:02.838] [warning] Couldn't find file 'hat_skull.vtp'.
[2026-09-15 13:25:02.839] [warning] Couldn't find file 'hat_ribs_scap.vtp'.
[2026-09-15 13:25:02.839] [warning] Couldn't find file 'humerus_rv.vtp'.
[2026-09-15 13:25:02.839] [warning] Couldn't find file 'ulna_rv.vtp'.
[2026-09-15 13:25:02.839] [warning] Couldn't find file 'radius_rv.vtp'.
[2026-09-15 13:25:02.839] [warning] Couldn't find file 'pisiform_rvs.vtp'.
[2026-09-15 13:25:02.839] [warning] Couldn't find file 'lunate_rvs.vtp'.
[2026-09-15 13:25:02.839] [warning] Couldn't find file 'scaphoid_rvs.vtp'.
[2026-09-15 13:25:02.839] [warning] Couldn't find file 'triquetrum_rvs.vtp'.
[2026-09-15 13:25:02.839] [warning] Couldn't find file 'hamate_rvs.vtp'.
[2026-09-15 13:25:02.839] [warning] Couldn't find file 'capitate_rvs.vtp'.
[2026-09-15 13:25:02.839] [warning] Couldn't find file 'trapezoid_rvs.vtp'.
[2026-09-15 13:25:02.839] [warning] Couldn't find file 'trapezium_rvs.vtp'.
[2026-09-15 13:25:02.839] [warning] Couldn't find file 'metacarpal2_rvs.vtp'.
[2026-09-15 13:25:02.840] [warning] Couldn't find file 'index_proximal_rvs.vtp'.
[2026-09-15 13:25:02.840] [warning] Couldn't find file 'index_medial_rvs.vtp'.
[2026-09-15 13:25:02.840] [warning] Couldn't find file 'index_distal_rvs.vtp'.
[2026-09-15 13:25:02.840] [warning] Couldn't find file 'metacarpal3_rvs.vtp'.
[2026-09-15 13:25:02.840] [warning] Couldn't find file 'middle_proximal_rvs.vtp'.
[2026-09-15 13:25:02.840] [warning] Couldn't find file 'middle_medial_rvs.vtp'.
[2026-09-15 13:25:02.840] [warning] Couldn't find file 'middle_distal_rvs.vtp'.
[2026-09-15 13:25:02.840] [warning] Couldn't find file 'metacarpal4_rvs.vtp'.
[2026-09-15 13:25:02.840] [warning] Couldn't find file 'ring_proximal_rvs.vtp'.
[2026-09-15 13:25:02.840] [warning] Couldn't find file 'ring_medial_rvs.vtp'.
[2026-09-15 13:25:02.840] [warning] Couldn't find file 'ring_distal_rvs.vtp'.
[2026-09-15 13:25:02.840] [warning] Couldn't find file 'metacarpal5_rvs.vtp'.
[2026-09-15 13:25:02.840] [warning] Couldn't find file 'little_proximal_rvs.vtp'.
[2026-09-15 13:25:02.840] [warning] Couldn't find file 'little_medial_rvs.vtp'.
[2026-09-15 13:25:02.840] [warning] Couldn't find file 'little_distal_rvs.vtp'.
[2026-09-15 13:25:02.840] [warning] Couldn't find file 'metacarpal1_rvs.vtp'.
[2026-09-15 13:25:02.840] [warning] Couldn't find file 'thumb_proximal_rvs.vtp'.
[2026-09-15 13:25:02.840] [warning] Couldn't find file 'thumb_distal_rvs.vtp'.
[2026-09-15 13:25:02.840] [warning] Couldn't find file 'humerus_lv.vtp'.
[2026-09-15 13:25:02.840] [warning] Couldn't find file 'ulna_lv.vtp'.
[2026-09-15 13:25:02.840] [warning] Couldn't find file 'radius_lv.vtp'.
[2026-09-15 13:25:02.841] [warning] Couldn't find file 'pisiform_lvs.vtp'.
[2026-09-15 13:25:02.841] [warning] Couldn't find file 'lunate_lvs.vtp'.
[2026-09-15 13:25:02.841] [warning] Couldn't find file 'scaphoid_lvs.vtp'.
[2026-09-15 13:25:02.841] [warning] Couldn't find file 'triquetrum_lvs.vtp'.
[2026-09-15 13:25:02.841] [warning] Couldn't find file 'hamate_lvs.vtp'.
[2026-09-15 13:25:02.841] [warning] Couldn't find file 'capitate_lvs.vtp'.
[2026-09-15 13:25:02.841] [warning] Couldn't find file 'trapezoid_lvs.vtp'.
[2026-09-15 13:25:02.841] [warning] Couldn't find file 'trapezium_lvs.vtp'.
[2026-09-15 13:25:02.841] [warning] Couldn't find file 'metacarpal2_lvs.vtp'.
[2026-09-15 13:25:02.841] [warning] Couldn't find file 'index_proximal_lvs.vtp'.
[2026-09-15 13:25:02.841] [warning] Couldn't find file 'index_medial_lvs.vtp'.
[2026-09-15 13:25:02.841] [warning] Couldn't find file 'index_distal_lvs.vtp'.
[2026-09-15 13:25:02.841] [warning] Couldn't find file 'metacarpal3_lvs.vtp'.
[2026-09-15 13:25:02.841] [warning] Couldn't find file 'middle_proximal_lvs.vtp'.
[2026-09-15 13:25:02.841] [warning] Couldn't find file 'middle_medial_lvs.vtp'.
[2026-09-15 13:25:02.841] [warning] Couldn't find file 'middle_distal_lvs.vtp'.
[2026-09-15 13:25:02.841] [warning] Couldn't find file 'metacarpal4_lvs.vtp'.
[2026-09-15 13:25:02.841] [warning] Couldn't find file 'ring_proximal_lvs.vtp'.
[2026-09-15 13:25:02.841] [warning] Couldn't find file 'ring_medial_lvs.vtp'.
[2026-09-15 13:25:02.842] [warning] Couldn't find file 'ring_distal_lvs.vtp'.
[2026-09-15 13:25:02.842] [warning] Couldn't find file 'metacarpal5_lvs.vtp'.
[2026-09-15 13:25:02.842] [warning] Couldn't find file 'little_proximal_lvs.vtp'.
[2026-09-15 13:25:02.842] [warning] Couldn't find file 'little_medial_lvs.vtp'.
[2026-09-15 13:25:02.842] [warning] Couldn't find file 'little_distal_lvs.vtp'.
[2026-09-15 13:25:02.842] [warning] Couldn't find file 'metacarpal1_lvs.vtp'.
[2026-09-15 13:25:02.842] [warning] Couldn't find file 'thumb_proximal_lvs.vtp'.
[2026-09-15 13:25:02.842] [warning] Couldn't find file 'thumb_distal_lvs.vtp'.
[2026-09-15 13:25:03.299] [info] Loaded model RajagopalLaiUhlrich2023 from file c:\Users\lzoffoli\Technogym SPA\SCIENTIFIC RESEARCH - Documenti\github_repositories\opensim-user\assets\rajagopalaiulrich2023.osim
[2026-09-15 13:25:03.300] [warning] Couldn't find file 'r_pelvis.vtp'.
[2026-09-15 13:25:03.301] [warning] Couldn't find file 'l_pelvis.vtp'.
[2026-09-15 13:25:03.301] [warning] Couldn't find file 'sacrum.vtp'.
[2026-09-15 13:25:03.301] [warning] Couldn't find file 'r_femur.vtp'.
[2026-09-15 13:25:03.301] [warning] Couldn't find file 'r_tibia.vtp'.
[2026-09-15 13:25:03.301] [warning] Couldn't find file 'r_fibula.vtp'.
[2026-09-15 13:25:03.301] [warning] Couldn't find file 'r_patella.vtp'.
[2026-09-15 13:25:03.301] [warning] Couldn't find file 'r_talus.vtp'.
[2026-09-15 13:25:03.301] [warning] Couldn't find file 'r_foot.vtp'.
[2026-09-15 13:25:03.301] [warning] Couldn't find file 'r_bofoot.vtp'.
[2026-09-15 13:25:03.302] [warning] Couldn't find file 'l_femur.vtp'.
[2026-09-15 13:25:03.302] [warning] Couldn't find file 'l_tibia.vtp'.
[2026-09-15 13:25:03.302] [warning] Couldn't find file 'l_fibula.vtp'.
[2026-09-15 13:25:03.302] [warning] Couldn't find file 'l_patella.vtp'.
[2026-09-15 13:25:03.302] [warning] Couldn't find file 'l_talus.vtp'.
[2026-09-15 13:25:03.302] [warning] Couldn't find file 'l_foot.vtp'.
[2026-09-15 13:25:03.302] [warning] Couldn't find file 'l_bofoot.vtp'.
[2026-09-15 13:25:03.302] [warning] Couldn't find file 'hat_spine.vtp'.
[2026-09-15 13:25:03.302] [warning] Couldn't find file 'hat_jaw.vtp'.
[2026-09-15 13:25:03.302] [warning] Couldn't find file 'hat_skull.vtp'.
[2026-09-15 13:25:03.303] [warning] Couldn't find file 'hat_ribs_scap.vtp'.
[2026-09-15 13:25:03.303] [warning] Couldn't find file 'humerus_rv.vtp'.
[2026-09-15 13:25:03.303] [warning] Couldn't find file 'ulna_rv.vtp'.
[2026-09-15 13:25:03.303] [warning] Couldn't find file 'radius_rv.vtp'.
[2026-09-15 13:25:03.303] [warning] Couldn't find file 'pisiform_rvs.vtp'.
[2026-09-15 13:25:03.303] [warning] Couldn't find file 'lunate_rvs.vtp'.
[2026-09-15 13:25:03.304] [warning] Couldn't find file 'scaphoid_rvs.vtp'.
[2026-09-15 13:25:03.304] [warning] Couldn't find file 'triquetrum_rvs.vtp'.
[2026-09-15 13:25:03.304] [warning] Couldn't find file 'hamate_rvs.vtp'.
[2026-09-15 13:25:03.304] [warning] Couldn't find file 'capitate_rvs.vtp'.
[2026-09-15 13:25:03.304] [warning] Couldn't find file 'trapezoid_rvs.vtp'.
[2026-09-15 13:25:03.304] [warning] Couldn't find file 'trapezium_rvs.vtp'.
[2026-09-15 13:25:03.304] [warning] Couldn't find file 'metacarpal2_rvs.vtp'.
[2026-09-15 13:25:03.304] [warning] Couldn't find file 'index_proximal_rvs.vtp'.
[2026-09-15 13:25:03.304] [warning] Couldn't find file 'index_medial_rvs.vtp'.
[2026-09-15 13:25:03.304] [warning] Couldn't find file 'index_distal_rvs.vtp'.
[2026-09-15 13:25:03.304] [warning] Couldn't find file 'metacarpal3_rvs.vtp'.
[2026-09-15 13:25:03.305] [warning] Couldn't find file 'middle_proximal_rvs.vtp'.
[2026-09-15 13:25:03.305] [warning] Couldn't find file 'middle_medial_rvs.vtp'.
[2026-09-15 13:25:03.305] [warning] Couldn't find file 'middle_distal_rvs.vtp'.
[2026-09-15 13:25:03.305] [warning] Couldn't find file 'metacarpal4_rvs.vtp'.
[2026-09-15 13:25:03.305] [warning] Couldn't find file 'ring_proximal_rvs.vtp'.
[2026-09-15 13:25:03.305] [warning] Couldn't find file 'ring_medial_rvs.vtp'.
[2026-09-15 13:25:03.305] [warning] Couldn't find file 'ring_distal_rvs.vtp'.
[2026-09-15 13:25:03.305] [warning] Couldn't find file 'metacarpal5_rvs.vtp'.
[2026-09-15 13:25:03.305] [warning] Couldn't find file 'little_proximal_rvs.vtp'.
[2026-09-15 13:25:03.305] [warning] Couldn't find file 'little_medial_rvs.vtp'.
[2026-09-15 13:25:03.306] [warning] Couldn't find file 'little_distal_rvs.vtp'.
[2026-09-15 13:25:03.306] [warning] Couldn't find file 'metacarpal1_rvs.vtp'.
[2026-09-15 13:25:03.306] [warning] Couldn't find file 'thumb_proximal_rvs.vtp'.
[2026-09-15 13:25:03.306] [warning] Couldn't find file 'thumb_distal_rvs.vtp'.
[2026-09-15 13:25:03.306] [warning] Couldn't find file 'humerus_lv.vtp'.
[2026-09-15 13:25:03.307] [warning] Couldn't find file 'ulna_lv.vtp'.
[2026-09-15 13:25:03.307] [warning] Couldn't find file 'radius_lv.vtp'.
[2026-09-15 13:25:03.307] [warning] Couldn't find file 'pisiform_lvs.vtp'.
[2026-09-15 13:25:03.307] [warning] Couldn't find file 'lunate_lvs.vtp'.
[2026-09-15 13:25:03.307] [warning] Couldn't find file 'scaphoid_lvs.vtp'.
[2026-09-15 13:25:03.307] [warning] Couldn't find file 'triquetrum_lvs.vtp'.
[2026-09-15 13:25:03.307] [warning] Couldn't find file 'hamate_lvs.vtp'.
[2026-09-15 13:25:03.307] [warning] Couldn't find file 'capitate_lvs.vtp'.
[2026-09-15 13:25:03.307] [warning] Couldn't find file 'trapezoid_lvs.vtp'.
[2026-09-15 13:25:03.307] [warning] Couldn't find file 'trapezium_lvs.vtp'.
[2026-09-15 13:25:03.307] [warning] Couldn't find file 'metacarpal2_lvs.vtp'.
[2026-09-15 13:25:03.307] [warning] Couldn't find file 'index_proximal_lvs.vtp'.
[2026-09-15 13:25:03.307] [warning] Couldn't find file 'index_medial_lvs.vtp'.
[2026-09-15 13:25:03.307] [warning] Couldn't find file 'index_distal_lvs.vtp'.
[2026-09-15 13:25:03.307] [warning] Couldn't find file 'metacarpal3_lvs.vtp'.
[2026-09-15 13:25:03.307] [warning] Couldn't find file 'middle_proximal_lvs.vtp'.
[2026-09-15 13:25:03.307] [warning] Couldn't find file 'middle_medial_lvs.vtp'.
[2026-09-15 13:25:03.307] [warning] Couldn't find file 'middle_distal_lvs.vtp'.
[2026-09-15 13:25:03.308] [warning] Couldn't find file 'metacarpal4_lvs.vtp'.
[2026-09-15 13:25:03.308] [warning] Couldn't find file 'ring_proximal_lvs.vtp'.
[2026-09-15 13:25:03.308] [warning] Couldn't find file 'ring_medial_lvs.vtp'.
[2026-09-15 13:25:03.308] [warning] Couldn't find file 'ring_distal_lvs.vtp'.
[2026-09-15 13:25:03.308] [warning] Couldn't find file 'metacarpal5_lvs.vtp'.
[2026-09-15 13:25:03.308] [warning] Couldn't find file 'little_proximal_lvs.vtp'.
[2026-09-15 13:25:03.308] [warning] Couldn't find file 'little_medial_lvs.vtp'.
[2026-09-15 13:25:03.308] [warning] Couldn't find file 'little_distal_lvs.vtp'.
[2026-09-15 13:25:03.308] [warning] Couldn't find file 'metacarpal1_lvs.vtp'.
[2026-09-15 13:25:03.308] [warning] Couldn't find file 'thumb_proximal_lvs.vtp'.
[2026-09-15 13:25:03.308] [warning] Couldn't find file 'thumb_distal_lvs.vtp'.
